fecha,indice_bvl,tipo_cambio,precio_cobre,tasa_referencia,ipc
2015-01-01,13669.78,2.9656908837231724,2.653224992752075,3.25,3.07326326860977
2015-02-01,13397.42,3.0645099878311157,2.623631565194381,3.25,2.76858517072284
2015-03-01,12461.81,3.0876409032128076,2.7079318219965156,3.25,3.02019928834408
2015-04-01,13366.86,3.088318207047202,2.7527619089399065,3.25,3.0174126785349
2015-05-01,13180.61,3.1321476073492143,2.89337500333786,3.25,3.36620186894155
2015-06-01,13113.17,3.154890927401456,2.675340912558816,3.25,3.54491029740405
2015-07-01,11987.88,3.1716869706692905,2.482204556465149,3.25,3.56292547971011
2015-08-01,10340.55,3.2009857155027843,2.333214294342768,3.25,4.0426728422815
2015-09-01,10030.57,3.2019499973817305,2.370571431659517,3.5,3.90455488298777
2015-10-01,10545.69,3.228654558008367,2.3678636334159155,3.5,3.66020462128904
2015-11-01,10226.89,3.2876809665134976,2.1553750038146973,3.5,4.17256708018865
2015-12-01,9848.59,3.303799992022307,2.082159096544439,3.75,4.39792854166932
2016-01-01,9391.84,3.3602190698896135,2.0094473424710726,4.0,4.60868784321291
2016-02-01,10742.19,3.4504761695861816,2.0750500202178954,4.25,4.47375701506678
2016-03-01,12057.93,3.3692826084468677,2.2315908778797495,4.25,4.30108051334928
2016-04-01,13702.47,3.282780953816005,2.1828809806278775,4.25,3.9072132668403
2016-05-01,13535.97,3.3100409507751465,2.1114285786946616,4.25,3.54061765756533
2016-06-01,13856.9,3.2971772605722602,2.097704540599476,4.25,3.34161872071432
2016-07-01,15210.97,3.2404428663707914,2.207324981689453,4.25,2.96195894036733
2016-08-01,15130.24,3.2951956624570102,2.1409565469493037,4.25,2.94253095758978
2016-09-01,15296.98,3.3175727237354624,2.137523810068766,4.25,3.12667111206595
2016-10-01,15171.04,3.3249000367664157,2.1375749826431276,4.25,3.40528775471299
2016-11-01,15414.97,3.350631822239269,2.4643749952316285,4.25,3.34963245522741
2016-12-01,15566.96,3.3338499719446357,2.5668333030882335,4.25,3.23488195037019
2017-01-01,15983.95,3.2824136235497217,2.618625009059906,4.25,3.09636415923956
2017-02-01,15766.12,3.211275017261505,2.6942631570916427,4.25,3.24979324559658
2017-03-01,15757.01,3.2205608927685283,2.641217376874841,4.25,3.97485445147011
2017-04-01,15559.3,3.2044299960136415,2.5862631295856677,4.25,3.69471572141791
2017-05-01,16000.08,3.2245217509891675,2.549022739583796,4.0,3.03980253604198
2017-06-01,16132.87,3.2178045186129483,2.6019318212162363,4.0,2.73244391775147
2017-07-01,16750.17,3.195145010948181,2.7288250088691712,3.75,2.85206926625983
2017-08-01,17616.44,3.1795000200686245,2.958782621051954,3.75,3.1738100701898
2017-09-01,18087.42,3.193161884943644,2.9840500235557554,3.5,2.94499513550225
2017-10-01,19874.12,3.1973636367104272,3.095590916546908,3.5,2.04014312278334
2017-11-01,19722.18,3.181942860285441,3.094166642143613,3.25,1.5443382320383
2017-12-01,19974.38,3.1929714339120046,3.0982499957084655,3.25,1.36485588371446
2018-01-01,21068.89,3.178326078083204,3.194699990749359,3.0,1.25318836941743
2018-02-01,20831.78,3.243754971027374,3.16744737876089,3.0,1.17956124835664
2018-03-01,20558.84,3.2456227215853604,3.066833348501296,2.75,0.363136029353744
2018-04-01,21428.86,3.217114278248378,3.087642862683251,2.75,0.48486988623302
2018-05-01,20814.29,3.26143042937569,3.064022725278681,2.75,0.930692513230167
2018-06-01,19800.26,3.2824476332891557,3.117142847606114,2.75,1.42933403390647
2018-07-01,20485.72,3.266668200492859,2.7912618886856806,2.75,1.61610098729974
2018-08-01,19443.11,3.284113054690154,2.6938695492951767,2.75,1.07057542660273
2018-09-01,19564.07,3.3028300046920775,2.6923157666858875,2.75,1.28028100935954
2018-10-01,18909.4,3.3210521573605747,2.7593478327212124,2.75,1.84089384430844
2018-11-01,19180.97,3.3646408969705757,2.7509762105487643,2.75,2.16709746401055
2018-12-01,19350.4,3.3572904609498524,2.721026295109799,2.75,2.1925231538682
2019-01-01,20190.87,3.3407608737116274,2.682380960101173,2.75,2.12915785051415
2019-02-01,20614.45,3.3146349787712097,2.8556579037716516,2.75,2.00338485500231
2019-03-01,21098.07,3.292119026184082,2.8997381301153276,2.75,2.24744059848037
2019-04-01,20896.5,3.292936325073242,2.9200714429219565,2.75,2.59264472909832
2019-05-01,19922.77,3.3199681585485283,2.7428181821649726,2.75,2.72512754617208
2019-06-01,20622.79,3.3199350118637083,2.6784250140190125,2.75,2.29478053967056
2019-07-01,19957.26,3.282608695652174,2.686568184332414,2.75,2.11191328006436
2019-08-01,19106.75,3.3666090965270996,2.572431813586842,2.5,2.03972339384534
2019-09-01,19602.71,3.3457809743427096,2.5974000215530397,2.5,1.85100693723761
2019-10-01,19904.87,3.3383391629094663,2.6116521669470747,2.5,1.88056226356924
2019-11-01,20078.0,3.3561613332657587,2.6546250104904177,2.25,1.86679694871124
2019-12-01,20526.13,3.3465974547646264,2.7702857085636685,2.25,1.90009157916248
2020-01-01,19834.9,3.3127750417460566,2.7496666340600875,2.25,1.88835605229068
2020-02-01,18264.3,3.383464443683624,2.58381576287119,2.25,1.90403776113918
2020-03-01,14463.96,3.460688666863875,2.3671363483775747,1.25,1.82153296943842
2020-04-01,14779.28,3.3960488817908545,2.3063095183599565,0.25,1.72448975655499
2020-05-01,15580.85,3.4124931948525563,2.38714998960495,0.25,1.7819197522911
2020-06-01,16878.0,3.467227274721319,2.5980454574931753,0.25,1.59873239164688
2020-07-01,17512.53,3.5111626438472583,2.8659999912435357,0.25,1.8616957242678
2020-08-01,18576.89,3.5247835999443415,2.9175237814585366,0.25,1.68739824186658
2020-09-01,17948.78,3.5377502224662085,3.0230238210587275,0.25,1.81955390705632
2020-10-01,17472.2,3.584918358109214,3.0569545464082197,0.25,1.72400036113651
2020-11-01,19796.51,3.5993001347496394,3.203374981880188,0.25,2.14220969430481
2020-12-01,20822.15,3.5968267917633057,3.5347045118158515,0.25,1.97323222946074
2021-01-01,21110.22,3.6123750777471635,3.6231842041015625,0.25,2.67554538350913
2021-02-01,22530.22,3.6337937116622925,3.8612631747597144,0.25,2.4013422122209
2021-03-01,21372.03,3.6926093723462974,4.088282574778018,0.25,2.59818523324116
2021-04-01,19562.77,3.6826582063328135,4.247833365485782,0.25,2.38369772363027
2021-05-01,21041.71,3.7609423909868513,4.63534996509552,0.25,2.44745902560864
2021-06-01,18850.91,3.8917998508973555,4.398318182338368,0.25,3.25460667105263
2021-07-01,17671.77,3.9060064120726152,4.354785714830671,0.25,3.81459906516264
2021-08-01,17653.54,4.023349642753601,4.292295455932617,0.5,4.95280459648037
2021-09-01,18279.15,4.077415097843517,4.265380950201125,1.0,5.22957455422953
2021-10-01,20737.77,4.007343439828782,4.451119082314627,1.5,5.82600992647617
2021-11-01,20416.43,4.001717578281056,4.365738142104376,2.0,5.65514784662318
2021-12-01,21111.73,4.02916407585144,4.332999988035723,2.5,6.43038716340725
2022-01-01,22943.81,3.8821328481038413,4.431124973297119,3.0,5.68491659367423
2022-02-01,23749.03,3.7790318846702577,4.502105286246852,3.5,6.1470442223465
2022-03-01,24915.5,3.7292823584183403,4.682282613671345,4.0,6.82408900736014
2022-04-01,22818.9,3.7176473367781866,4.637624979019165,4.5,7.96465277256915
2022-05-01,20719.04,3.753581003709273,4.24928567523048,5.0,8.09113893196794
2022-06-01,18388.82,3.709979772567749,4.125404732567923,5.5,8.81263294388897
2022-07-01,19293.66,3.822414909090315,3.3961000084877013,6.0,8.74083491516008
2022-08-01,18853.05,3.860316805217577,3.615000009536743,6.5,8.39798830340194
2022-09-01,19448.06,3.8679584698243574,3.48021430060977,6.75,8.52985253634929
2022-10-01,21095.21,3.9552822680700395,3.4738571303231374,7.0,8.27519462737062
2022-11-01,22455.13,3.8654797077178955,3.6768333457765126,7.25,8.44722980234022
2022-12-01,21330.33,3.8029312653975054,3.8164523669651578,7.5,8.45916200000001
2023-01-01,22416.72,3.797564842484214,4.122324979305267,7.75,8.66426700097408
2023-02-01,21576.43,3.799005389213562,4.088236833873548,7.75,8.64592356025242
2023-03-01,21898.03,3.7481274086496104,4.04915215658105,7.75,8.40057400933134
2023-04-01,21822.57,3.741653788089752,4.000368406898097,7.75,7.9650458305066
2023-05-01,21178.83,3.6680624174035112,3.741727276281877,7.75,7.89388564823743
2023-06-01,22329.75,3.6276103149760854,3.7959761960165843,7.75,6.46149699198863
2023-07-01,23509.38,3.571222430183774,3.8357000231742857,7.75,5.88160145590039
2023-08-01,23133.53,3.6501841441444727,3.763304316479227,7.75,5.57614720330122
2023-09-01,22528.4,3.695465712320237,3.7229250192642214,7.5,5.04454594794186
2023-10-01,21817.42,3.8058355938304556,3.599636359648271,7.25,4.34308132283159
2023-11-01,21934.44,3.7428656816482544,3.7211136384443804,7.0,3.63647512169549
2023-12-01,25960.01,3.7035433678399947,3.8515249848365785,6.75,3.23738256432406
2024-01-01,26934.0,3.694844930068306,3.8120714255741666,6.5,3.02392174826855
2024-02-01,28231.83,3.804477407818749,3.796625006198883,6.25,3.29406696032184
2024-03-01,28366.99,3.688776061648414,3.976425015926361,6.25,3.04504592593905
2024-04-01,29184.35,3.6846118948676367,4.3609090718356045,6.0,2.42207617792805
2024-05-01,30220.4,3.7086328838182534,4.775068218057806,5.75,2.00493835958688
2024-06-01,29895.87,3.749987530708313,4.523131571317974,5.75,2.28538225698791
2024-07-01,29537.12,3.726551677869714,4.352477247064764,5.75,2.1276637869709
2024-08-01,28441.73,3.7109586867419155,4.095613631335172,5.5,2.03409700303861
2024-09-01,29942.23,3.7397302218845914,4.232799959182739,5.25,1.77501053596859
2024-10-01,30470.47,3.7272248682768447,4.384630452031675,5.25,2.00918040984485
2024-11-01,29485.3,3.7600278967902776,4.174549961090088,5.0,2.27199072148831
2024-12-01,28960.95,3.6755357129233226,4.114549994468689,5.0,1.96630270142824
