fecha,ipc
Ene.2015,3.07326326860977
Feb.2015,2.76858517072284
Mar.2015,3.02019928834408
Abr.2015,3.0174126785349
May.2015,3.36620186894155
Jun.2015,3.54491029740405
Jul.2015,3.56292547971011
Ago.2015,4.0426728422815
Sep.2015,3.90455488298777
Oct.2015,3.66020462128904
Nov.2015,4.17256708018865
Dic.2015,4.39792854166932
Ene.2016,4.60868784321291
Feb.2016,4.47375701506678
Mar.2016,4.30108051334928
Abr.2016,3.9072132668403
May.2016,3.54061765756533
Jun.2016,3.34161872071432
Jul.2016,2.96195894036733
Ago.2016,2.94253095758978
Sep.2016,3.12667111206595
Oct.2016,3.40528775471299
Nov.2016,3.34963245522741
Dic.2016,3.23488195037019
Ene.2017,3.09636415923956
Feb.2017,3.24979324559658
Mar.2017,3.97485445147011
Abr.2017,3.69471572141791
May.2017,3.03980253604198
Jun.2017,2.73244391775147
Jul.2017,2.85206926625983
Ago.2017,3.1738100701898
Sep.2017,2.94499513550225
Oct.2017,2.04014312278334
Nov.2017,1.5443382320383
Dic.2017,1.36485588371446
Ene.2018,1.25318836941743
Feb.2018,1.17956124835664
Mar.2018,0.363136029353744
Abr.2018,0.48486988623302
May.2018,0.930692513230167
Jun.2018,1.42933403390647
Jul.2018,1.61610098729974
Ago.2018,1.07057542660273
Sep.2018,1.28028100935954
Oct.2018,1.84089384430844
Nov.2018,2.16709746401055
Dic.2018,2.1925231538682
Ene.2019,2.12915785051415
Feb.2019,2.00338485500231
Mar.2019,2.24744059848037
Abr.2019,2.59264472909832
May.2019,2.72512754617208
Jun.2019,2.29478053967056
Jul.2019,2.11191328006436
Ago.2019,2.03972339384534
Sep.2019,1.85100693723761
Oct.2019,1.88056226356924
Nov.2019,1.86679694871124
Dic.2019,1.90009157916248
Ene.2020,1.88835605229068
Feb.2020,1.90403776113918
Mar.2020,1.82153296943842
Abr.2020,1.72448975655499
May.2020,1.7819197522911
Jun.2020,1.59873239164688
Jul.2020,1.8616957242678
Ago.2020,1.68739824186658
Sep.2020,1.81955390705632
Oct.2020,1.72400036113651
Nov.2020,2.14220969430481
Dic.2020,1.97323222946074
Ene.2021,2.67554538350913
Feb.2021,2.4013422122209
Mar.2021,2.59818523324116
Abr.2021,2.38369772363027
May.2021,2.44745902560864
Jun.2021,3.25460667105263
Jul.2021,3.81459906516264
Ago.2021,4.95280459648037
Sep.2021,5.22957455422953
Oct.2021,5.82600992647617
Nov.2021,5.65514784662318
Dic.2021,6.43038716340725
Ene.2022,5.68491659367423
Feb.2022,6.1470442223465
Mar.2022,6.82408900736014
Abr.2022,7.96465277256915
May.2022,8.09113893196794
Jun.2022,8.81263294388897
Jul.2022,8.74083491516008
Ago.2022,8.39798830340194
Sep.2022,8.52985253634929
Oct.2022,8.27519462737062
Nov.2022,8.44722980234022
Dic.2022,8.45916200000001
Ene.2023,8.66426700097408
Feb.2023,8.64592356025242
Mar.2023,8.40057400933134
Abr.2023,7.9650458305066
May.2023,7.89388564823743
Jun.2023,6.46149699198863
Jul.2023,5.88160145590039
Ago.2023,5.57614720330122
Sep.2023,5.04454594794186
Oct.2023,4.34308132283159
Nov.2023,3.63647512169549
Dic.2023,3.23738256432406
Ene.2024,3.02392174826855
Feb.2024,3.29406696032184
Mar.2024,3.04504592593905
Abr.2024,2.42207617792805
May.2024,2.00493835958688
Jun.2024,2.28538225698791
Jul.2024,2.1276637869709
Ago.2024,2.03409700303861
Sep.2024,1.77501053596859
Oct.2024,2.00918040984485
Nov.2024,2.27199072148831
Dic.2024,1.96630270142824
