fecha,indice_general_bvl
Ene.2015,13669.78
Feb.2015,13397.42
Mar.2015,12461.81
Abr.2015,13366.86
May.2015,13180.61
Jun.2015,13113.17
Jul.2015,11987.88
Ago.2015,10340.55
Sep.2015,10030.57
Oct.2015,10545.69
Nov.2015,10226.89
Dic.2015,9848.59
Ene.2016,9391.84
Feb.2016,10742.19
Mar.2016,12057.93
Abr.2016,13702.47
May.2016,13535.97
Jun.2016,13856.9
Jul.2016,15210.97
Ago.2016,15130.24
Sep.2016,15296.98
Oct.2016,15171.04
Nov.2016,15414.97
Dic.2016,15566.96
Ene.2017,15983.95
Feb.2017,15766.12
Mar.2017,15757.01
Abr.2017,15559.3
May.2017,16000.08
Jun.2017,16132.87
Jul.2017,16750.17
Ago.2017,17616.44
Sep.2017,18087.42
Oct.2017,19874.12
Nov.2017,19722.18
Dic.2017,19974.38
Ene.2018,21068.89
Feb.2018,20831.78
Mar.2018,20558.84
Abr.2018,21428.86
May.2018,20814.29
Jun.2018,19800.26
Jul.2018,20485.72
Ago.2018,19443.11
Sep.2018,19564.07
Oct.2018,18909.4
Nov.2018,19180.97
Dic.2018,19350.4
Ene.2019,20190.87
Feb.2019,20614.45
Mar.2019,21098.07
Abr.2019,20896.5
May.2019,19922.77
Jun.2019,20622.79
Jul.2019,19957.26
Ago.2019,19106.75
Sep.2019,19602.71
Oct.2019,19904.87
Nov.2019,20078.0
Dic.2019,20526.13
Ene.2020,19834.9
Feb.2020,18264.3
Mar.2020,14463.96
Abr.2020,14779.28
May.2020,15580.85
Jun.2020,16878.0
Jul.2020,17512.53
Ago.2020,18576.89
Sep.2020,17948.78
Oct.2020,17472.2
Nov.2020,19796.51
Dic.2020,20822.15
Ene.2021,21110.22
Feb.2021,22530.22
Mar.2021,21372.03
Abr.2021,19562.77
May.2021,21041.71
Jun.2021,18850.91
Jul.2021,17671.77
Ago.2021,17653.54
Sep.2021,18279.15
Oct.2021,20737.77
Nov.2021,20416.43
Dic.2021,21111.73
Ene.2022,22943.81
Feb.2022,23749.03
Mar.2022,24915.5
Abr.2022,22818.9
May.2022,20719.04
Jun.2022,18388.82
Jul.2022,19293.66
Ago.2022,18853.05
Sep.2022,19448.06
Oct.2022,21095.21
Nov.2022,22455.13
Dic.2022,21330.33
Ene.2023,22416.72
Feb.2023,21576.43
Mar.2023,21898.03
Abr.2023,21822.57
May.2023,21178.83
Jun.2023,22329.75
Jul.2023,23509.38
Ago.2023,23133.53
Sep.2023,22528.4
Oct.2023,21817.42
Nov.2023,21934.44
Dic.2023,25960.01
Ene.2024,26934.0
Feb.2024,28231.83
Mar.2024,28366.99
Abr.2024,29184.35
May.2024,30220.4
Jun.2024,29895.87
Jul.2024,29537.12
Ago.2024,28441.73
Sep.2024,29942.23
Oct.2024,30470.47
Nov.2024,29485.3
Dic.2024,28960.95
