fecha,tipo_cambio
2015-01-01,2.9749999046325684
2015-01-02,2.9393999576568604
2015-01-05,2.924099922180176
2015-01-06,2.9835000038146973
2015-01-07,2.9839999675750732
2015-01-08,2.984999895095825
2015-01-09,2.924999952316284
2015-01-12,2.9839999675750732
2015-01-13,2.990999937057495
2015-01-14,2.9191999435424805
2015-01-15,2.992000102996826
2015-01-16,2.997999906539917
2015-01-19,3.015000104904175
2015-01-20,2.9449000358581543
2015-01-21,2.94569993019104
2015-01-22,3.005000114440918
2015-01-23,3.003999948501587
2015-01-26,2.924799919128418
2015-01-27,2.9463000297546387
2015-01-28,2.9460999965667725
2015-01-29,2.9512999057769775
2015-01-30,2.961899995803833
2015-02-02,2.986299991607666
2015-02-03,3.056999921798706
2015-02-04,3.052999973297119
2015-02-05,3.059999942779541
2015-02-06,3.061000108718872
2015-02-09,3.070499897003174
2015-02-10,3.066999912261963
2015-02-11,3.0834999084472656
2015-02-12,3.0099000930786133
2015-02-13,3.066999912261963
2015-02-16,3.0625
2015-02-17,3.010999917984009
2015-02-18,3.0769999027252197
2015-02-19,3.0845000743865967
2015-02-20,3.0855000019073486
2015-02-23,3.0880000591278076
2015-02-24,3.0899999141693115
2015-02-25,3.0910000801086426
2015-02-26,3.0950000286102295
2015-02-27,3.0905001163482666
2015-03-02,3.0940001010894775
2015-03-03,3.0959999561309814
2015-03-04,3.0905001163482666
2015-03-05,3.0920000076293945
2015-03-06,3.0989999771118164
2015-03-09,3.0999999046325684
2015-03-10,3.023099899291992
2015-03-11,3.0980000495910645
2015-03-12,3.0934998989105225
2015-03-13,3.0959999561309814
2015-03-16,3.0999999046325684
2015-03-17,3.0950000286102295
2015-03-18,3.0969998836517334
2015-03-19,3.0929999351501465
2015-03-20,3.0940001010894775
2015-03-23,3.0810000896453857
2015-03-24,3.0764999389648438
2015-03-25,3.0759999752044678
2015-03-26,3.068000078201294
2015-03-27,3.0789999961853027
2015-03-30,3.0920000076293945
2015-03-31,3.0945000648498535
2015-04-01,3.019200086593628
2015-04-02,3.0929999351501465
2015-04-03,3.0088000297546387
2015-04-06,3.0850000381469727
2015-04-07,3.0845000743865967
2015-04-08,3.0980000495910645
2015-04-09,3.0980000495910645
2015-04-10,3.1024999618530273
2015-04-13,3.127000093460083
2015-04-14,3.121500015258789
2015-04-15,3.121000051498413
2015-04-16,3.121999979019165
2015-04-17,3.0343000888824463
2015-04-20,3.053100109100342
2015-04-21,3.109499931335449
2015-04-22,3.0471999645233154
2015-04-23,3.13100004196167
2015-04-24,3.130000114440918
2015-04-27,3.045300006866455
2015-04-28,3.132999897003174
2015-04-29,3.125
2015-04-30,3.0541000366210938
2015-05-01,3.124000072479248
2015-05-04,3.127500057220459
2015-05-05,3.137500047683716
2015-05-06,3.1449999809265137
2015-05-07,3.140000104904175
2015-05-08,3.1530001163482666
2015-05-11,3.1410000324249268
2015-05-12,3.1519999504089355
2015-05-13,3.1494998931884766
2015-05-14,3.1435000896453857
2015-05-15,3.0850000381469727
2015-05-18,3.1394999027252197
2015-05-19,3.1489999294281006
2015-05-20,3.1429998874664307
2015-05-21,3.0794999599456787
2015-05-22,3.125
2015-05-25,3.115000009536743
2015-05-26,3.0715999603271484
2015-05-27,3.1459999084472656
2015-05-28,3.1524999141693115
2015-05-29,3.1559998989105225
2015-06-01,3.1549999713897705
2015-06-02,3.1449999809265137
2015-06-03,3.1480000019073486
2015-06-04,3.1500000953674316
2015-06-05,3.1489999294281006
2015-06-08,3.132499933242798
2015-06-09,3.1545000076293945
2015-06-10,3.1545000076293945
2015-06-11,3.1540000438690186
2015-06-12,3.1545000076293945
2015-06-15,3.1540000438690186
2015-06-16,3.1600000858306885
2015-06-17,3.1605000495910645
2015-06-18,3.1630001068115234
2015-06-19,3.1584999561309814
2015-06-22,3.0766000747680664
2015-06-23,3.171999931335449
2015-06-24,3.180000066757202
2015-06-25,3.1735000610351562
2015-06-26,3.1665000915527344
2015-06-29,3.1710000038146973
2015-06-30,3.174999952316284
2015-07-01,3.174999952316284
2015-07-02,3.177999973297119
2015-07-03,3.1057000160217285
2015-07-06,3.1700000762939453
2015-07-07,3.1760001182556152
2015-07-08,3.177999973297119
2015-07-09,3.186000108718872
2015-07-10,3.1610000133514404
2015-07-13,3.177000045776367
2015-07-14,3.1689999103546143
2015-07-15,3.1700000762939453
2015-07-16,3.177500009536743
2015-07-17,3.177000045776367
2015-07-20,3.1231000423431396
2015-07-21,3.172499895095825
2015-07-22,3.174999952316284
2015-07-23,3.183000087738037
2015-07-24,3.190000057220459
2015-07-27,3.181999921798706
2015-07-28,3.1740000247955322
2015-07-29,3.180999994277954
2015-07-30,3.174999952316284
2015-07-31,3.193000078201294
2015-08-03,3.181999921798706
2015-08-04,3.184000015258789
2015-08-05,3.186000108718872
2015-08-06,3.2009999752044678
2015-08-07,3.2044999599456787
2015-08-10,3.2044999599456787
2015-08-11,3.194499969482422
2015-08-12,3.2119998931884766
2015-08-13,3.2155001163482666
2015-08-14,3.2274999618530273
2015-08-17,3.236999988555908
2015-08-18,3.1700000762939453
2015-08-19,3.1723999977111816
2015-08-20,3.1593000888824463
2015-08-21,3.1919000148773193
2015-08-24,3.198899984359741
2015-08-25,3.2032999992370605
2015-08-26,3.2128000259399414
2015-08-27,3.218400001525879
2015-08-28,3.2351999282836914
2015-08-31,3.2100000381469727
2015-09-01,3.155100107192993
2015-09-02,3.1677000522613525
2015-09-03,3.1823999881744385
2015-09-04,3.210700035095215
2015-09-07,3.132999897003174
2015-09-08,3.2200000286102295
2015-09-09,3.2200000286102295
2015-09-10,3.2149999141693115
2015-09-11,3.2179999351501465
2015-09-14,3.2144999504089355
2015-09-15,3.2100000381469727
2015-09-16,3.2039999961853027
2015-09-17,3.197000026702881
2015-09-18,3.1989998817443848
2015-09-21,3.193000078201294
2015-09-22,3.194000005722046
2015-09-23,3.2139999866485596
2015-09-24,3.2125000953674316
2015-09-25,3.2039999961853027
2015-09-28,3.2149999141693115
2015-09-29,3.234999895095825
2015-09-30,3.2290000915527344
2015-10-01,3.2239999771118164
2015-10-02,3.2330000400543213
2015-10-05,3.2265000343322754
2015-10-06,3.2160000801086426
2015-10-07,3.132999897003174
2015-10-08,3.2149999141693115
2015-10-09,3.2160000801086426
2015-10-12,3.14490008354187
2015-10-13,3.140899896621704
2015-10-14,3.2330000400543213
2015-10-15,3.2290000915527344
2015-10-16,3.2309999465942383
2015-10-19,3.240999937057495
2015-10-20,3.242500066757202
2015-10-21,3.247999906539917
2015-10-22,3.25
2015-10-23,3.2511000633239746
2015-10-26,3.26200008392334
2015-10-27,3.2634999752044678
2015-10-28,3.2790000438690186
2015-10-29,3.2725000381469727
2015-10-30,3.2785000801086426
2015-11-02,3.2750000953674316
2015-11-03,3.2750000953674316
2015-11-04,3.2769999504089355
2015-11-05,3.2864999771118164
2015-11-06,3.2925000190734863
2015-11-09,3.303499937057495
2015-11-10,3.246799945831299
2015-11-11,3.308500051498413
2015-11-12,3.2316999435424805
2015-11-13,3.2102999687194824
2015-11-16,3.3364999294281006
2015-11-17,3.3310000896453857
2015-11-18,3.266400098800659
2015-11-19,3.3480000495910645
2015-11-20,3.278700113296509
2015-11-23,3.288599967956543
2015-11-24,3.2880001068115234
2015-11-25,3.3050999641418457
2015-11-26,3.286799907684326
2015-11-27,3.305500030517578
2015-11-30,3.2999000549316406
2015-12-01,3.367500066757202
2015-12-02,3.286099910736084
2015-12-03,3.2832000255584717
2015-12-04,3.175100088119507
2015-12-07,3.29229998588562
2015-12-08,3.2855000495910645
2015-12-09,3.287899971008301
2015-12-10,3.2629001140594482
2015-12-11,3.367000102996826
2015-12-14,3.293299913406372
2015-12-15,3.2901999950408936
2015-12-16,3.3159000873565674
2015-12-17,3.30049991607666
2015-12-18,3.302999973297119
2015-12-21,3.369999885559082
2015-12-22,3.285399913787842
2015-12-23,3.303299903869629
2015-12-24,3.315999984741211
2015-12-25,3.3101999759674072
2015-12-28,3.30649995803833
2015-12-29,3.3171000480651855
2015-12-30,3.3373000621795654
2015-12-31,3.331199884414673
2016-01-01,3.3415000438690186
2016-01-04,3.3406999111175537
2016-01-05,3.3729000091552734
2016-01-06,3.342099905014038
2016-01-07,3.4019999504089355
2016-01-08,3.316800117492676
2016-01-11,3.3338000774383545
2016-01-12,3.361599922180176
2016-01-13,3.352400064468384
2016-01-14,3.33240008354187
2016-01-15,3.3587000370025635
2016-01-18,3.345599889755249
2016-01-19,3.357100009918213
2016-01-20,3.345900058746338
2016-01-21,3.3701000213623047
2016-01-22,3.3821001052856445
2016-01-25,3.400399923324585
2016-01-26,3.3642001152038574
2016-01-27,3.377700090408325
2016-01-28,3.3824000358581543
2016-01-29,3.384200096130371
2016-02-01,3.418299913406372
2016-02-02,3.404599905014038
2016-02-03,3.40939998626709
2016-02-04,3.372299909591675
2016-02-05,3.4769999980926514
2016-02-08,3.4800000190734863
2016-02-09,3.493000030517578
2016-02-10,3.4003000259399414
2016-02-11,3.504499912261963
2016-02-12,3.442699909210205
2016-02-15,3.450900077819824
2016-02-16,3.433799982070923
2016-02-17,3.509999990463257
2016-02-18,3.4423999786376953
2016-02-19,3.428999900817871
2016-02-22,3.415600061416626
2016-02-23,3.4489998817443848
2016-02-24,3.5299999713897705
2016-02-25,3.440000057220459
2016-02-26,3.472399950027466
2016-02-29,3.484800100326538
2016-03-01,3.449700117111206
2016-03-02,3.453900098800659
2016-03-03,3.490000009536743
2016-03-04,3.396899938583374
2016-03-07,3.3831000328063965
2016-03-08,3.3824000358581543
2016-03-09,3.3812999725341797
2016-03-10,3.3907999992370605
2016-03-11,3.367500066757202
2016-03-14,3.342400074005127
2016-03-15,3.2897000312805176
2016-03-16,3.3529999256134033
2016-03-17,3.2525999546051025
2016-03-18,3.311800003051758
2016-03-21,3.298799991607666
2016-03-22,3.4000000953674316
2016-03-23,3.4054999351501465
2016-03-24,3.375499963760376
2016-03-25,3.372999906539917
2016-03-28,3.375999927520752
2016-03-29,3.36299991607666
2016-03-30,3.377000093460083
2016-03-31,3.279599905014038
2016-04-01,3.313999891281128
2016-04-04,3.3450000286102295
2016-04-05,3.3450000286102295
2016-04-06,3.367000102996826
2016-04-07,3.288300037384033
2016-04-08,3.316999912261963
2016-04-11,3.359999895095825
2016-04-12,3.2799999713897705
2016-04-13,3.259500026702881
2016-04-14,3.265000104904175
2016-04-15,3.2715001106262207
2016-04-18,3.2739999294281006
2016-04-19,3.2639999389648438
2016-04-20,3.25
2016-04-21,3.24399995803833
2016-04-22,3.1798999309539795
2016-04-25,3.2660000324249268
2016-04-26,3.2860000133514404
2016-04-27,3.2799999713897705
2016-04-28,3.207200050354004
2016-04-29,3.2750000953674316
2016-05-02,3.1926000118255615
2016-05-03,3.202899932861328
2016-05-04,3.2576000690460205
2016-05-05,3.328000068664551
2016-05-06,3.321000099182129
2016-05-09,3.315500020980835
2016-05-10,3.3125
2016-05-11,3.3340001106262207
2016-05-12,3.3289999961853027
2016-05-13,3.32450008392334
2016-05-16,3.3350000381469727
2016-05-17,3.2676000595092773
2016-05-18,3.309000015258789
2016-05-19,3.3315000534057617
2016-05-20,3.3380000591278076
2016-05-23,3.3299999237060547
2016-05-24,3.3440001010894775
2016-05-25,3.3420000076293945
2016-05-26,3.3375000953674316
2016-05-27,3.3420000076293945
2016-05-30,3.3475000858306885
2016-05-31,3.2792000770568848
2016-06-01,3.371999979019165
2016-06-02,3.365999937057495
2016-06-03,3.371000051498413
2016-06-06,3.3369998931884766
2016-06-07,3.308000087738037
2016-06-08,3.2990000247955322
2016-06-09,3.2939999103546143
2016-06-10,3.305999994277954
2016-06-13,3.315999984741211
2016-06-14,3.325000047683716
2016-06-15,3.3350000381469727
2016-06-16,3.257200002670288
2016-06-17,3.3289999961853027
2016-06-20,3.2386999130249023
2016-06-21,3.2844998836517334
2016-06-22,3.2390999794006348
2016-06-23,3.1979000568389893
2016-06-24,3.2725000381469727
2016-06-27,3.190999984741211
2016-06-28,3.322000026702881
2016-06-29,3.299999952316284
2016-06-30,3.2769999504089355
2016-07-01,3.228600025177002
2016-07-04,3.2151999473571777
2016-07-05,3.2058000564575195
2016-07-06,3.2388999462127686
2016-07-07,3.2834999561309814
2016-07-08,3.21560001373291
2016-07-11,3.2137999534606934
2016-07-12,3.2764999866485596
2016-07-13,3.217900037765503
2016-07-14,3.2046000957489014
2016-07-15,3.2046000957489014
2016-07-18,3.2383999824523926
2016-07-19,3.1981000900268555
2016-07-20,3.220599889755249
2016-07-21,3.2272000312805176
2016-07-22,3.239300012588501
2016-07-25,3.321000099182129
2016-07-26,3.248699903488159
2016-07-27,3.3022000789642334
2016-07-28,3.2671000957489014
2016-07-29,3.2816998958587646
2016-08-01,3.267199993133545
2016-08-02,3.337399959564209
2016-08-03,3.2643001079559326
2016-08-04,3.290800094604492
2016-08-05,3.3310000896453857
2016-08-08,3.2778000831604004
2016-08-09,3.311000108718872
2016-08-10,3.303499937057495
2016-08-11,3.316999912261963
2016-08-12,3.303999900817871
2016-08-15,3.2276999950408936
2016-08-16,3.307499885559082
2016-08-17,3.302999973297119
2016-08-18,3.306999921798706
2016-08-19,3.2332000732421875
2016-08-22,3.2330000400543213
2016-08-23,3.3459999561309814
2016-08-24,3.2878000736236572
2016-08-25,3.2929000854492188
2016-08-26,3.3480000495910645
2016-08-29,3.30649995803833
2016-08-30,3.2792000770568848
2016-08-31,3.313699960708618
2016-09-01,3.303299903869629
2016-09-02,3.3066000938415527
2016-09-05,3.3317999839782715
2016-09-06,3.3183999061584473
2016-09-07,3.301300048828125
2016-09-08,3.2941999435424805
2016-09-09,3.364000082015991
2016-09-12,3.303299903869629
2016-09-13,3.3199000358581543
2016-09-14,3.3965001106262207
2016-09-15,3.3208000659942627
2016-09-16,3.3173999786376953
2016-09-19,3.333899974822998
2016-09-20,3.316499948501587
2016-09-21,3.3252999782562256
2016-09-22,3.366499900817871
2016-09-23,3.305000066757202
2016-09-26,3.2720000743865967
2016-09-27,3.2829999923706055
2016-09-28,3.306999921798706
2016-09-29,3.2964000701904297
2016-09-30,3.303499937057495
2016-10-03,3.2994000911712646
2016-10-04,3.3201000690460205
2016-10-05,3.3036000728607178
2016-10-06,3.4000000953674316
2016-10-07,3.342400074005127
2016-10-10,3.318700075149536
2016-10-11,3.340100049972534
2016-10-12,3.3306000232696533
2016-10-13,3.3331000804901123
2016-10-14,3.3199000358581543
2016-10-17,3.345099925994873
2016-10-18,3.3965001106262207
2016-10-19,3.3343000411987305
2016-10-20,3.377500057220459
2016-10-21,3.3234000205993652
2016-10-24,3.303999900817871
2016-10-25,3.2897000312805176
2016-10-26,3.280900001525879
2016-10-27,3.2822000980377197
2016-10-28,3.3032000064849854
2016-10-31,3.2781999111175537
2016-11-01,3.2857000827789307
2016-11-02,3.361999988555908
2016-11-03,3.293299913406372
2016-11-04,3.375
2016-11-07,3.295300006866455
2016-11-08,3.3236000537872314
2016-11-09,3.3255999088287354
2016-11-10,3.374000072479248
2016-11-11,3.306299924850464
2016-11-14,3.334700107574463
2016-11-15,3.429500102996826
2016-11-16,3.3757998943328857
2016-11-17,3.4005000591278076
2016-11-18,3.3654000759124756
2016-11-21,3.343400001525879
2016-11-22,3.3324999809265137
2016-11-23,3.4159998893737793
2016-11-24,3.4230000972747803
2016-11-25,3.3506999015808105
2016-11-28,3.334399938583374
2016-11-29,3.341099977493286
2016-11-30,3.3261001110076904
2016-12-01,3.1414999961853027
2016-12-02,3.3269999027252197
2016-12-05,3.338099956512451
2016-12-06,3.4138998985290527
2016-12-07,3.34879994392395
2016-12-08,3.3329999446868896
2016-12-09,3.38319993019104
2016-12-12,3.3317999839782715
2016-12-13,3.3989999294281006
2016-12-14,3.3940000534057617
2016-12-15,3.355299949645996
2016-12-16,3.309299945831299
2016-12-19,3.325200080871582
2016-12-20,3.335400104522705
2016-12-21,3.326200008392334
2016-12-22,3.3910000324249268
2016-12-23,3.319700002670288
2016-12-26,3.378999948501587
2016-12-27,3.31469988822937
2016-12-28,3.303999900817871
2016-12-29,3.3073999881744385
2016-12-30,3.267199993133545
2017-01-02,3.2939000129699707
2017-01-03,3.2827999591827393
2017-01-04,3.275399923324585
2017-01-05,3.2994000911712646
2017-01-06,3.2760000228881836
2017-01-09,3.375999927520752
2017-01-10,3.282399892807007
2017-01-11,3.3159000873565674
2017-01-12,3.2927000522613525
2017-01-13,3.315200090408325
2017-01-16,3.3610000610351562
2017-01-17,3.2834999561309814
2017-01-18,3.294800043106079
2017-01-19,3.281399965286255
2017-01-20,3.313999891281128
2017-01-23,3.222100019454956
2017-01-24,3.209399938583374
2017-01-25,3.2809998989105225
2017-01-26,3.2920000553131104
2017-01-27,3.234299898147583
2017-01-30,3.224400043487549
2017-01-31,3.2054998874664307
2017-02-01,3.1988000869750977
2017-02-02,3.2690000534057617
2017-02-03,3.246000051498413
2017-02-06,3.1575000286102295
2017-02-07,3.1819000244140625
2017-02-08,3.2950000762939453
2017-02-09,3.2060000896453857
2017-02-10,3.217900037765503
2017-02-13,3.1923000812530518
2017-02-14,3.259000062942505
2017-02-15,3.2014000415802
2017-02-16,3.170799970626831
2017-02-17,3.1589999198913574
2017-02-20,3.1828999519348145
2017-02-21,3.1923000812530518
2017-02-22,3.1733999252319336
2017-02-23,3.243000030517578
2017-02-24,3.244999885559082
2017-02-27,3.183799982070923
2017-02-28,3.250499963760376
2017-03-01,3.263000011444092
2017-03-02,3.257999897003174
2017-03-03,3.1884000301361084
2017-03-06,3.182300090789795
2017-03-07,3.2945001125335693
2017-03-08,3.2785000801086426
2017-03-09,3.2929999828338623
2017-03-10,3.2160000801086426
2017-03-13,3.2820000648498535
2017-03-14,3.2128000259399414
2017-03-15,3.2769999504089355
2017-03-16,3.253999948501587
2017-03-17,3.168100118637085
2017-03-20,3.1779000759124756
2017-03-21,3.1793999671936035
2017-03-22,3.249000072479248
2017-03-23,3.1740000247955322
2017-03-24,3.171600103378296
2017-03-27,3.1747000217437744
2017-03-28,3.1673998832702637
2017-03-29,3.184000015258789
2017-03-30,3.240499973297119
2017-03-31,3.186800003051758
2017-04-03,3.246999979019165
2017-04-04,3.247499942779541
2017-04-05,3.1647000312805176
2017-04-06,3.17930006980896
2017-04-07,3.178499937057495
2017-04-10,3.184999942779541
2017-04-11,3.242500066757202
2017-04-12,3.252000093460083
2017-04-13,3.253499984741211
2017-04-14,3.253499984741211
2017-04-17,3.1875998973846436
2017-04-18,3.1775999069213867
2017-04-19,3.155900001525879
2017-04-20,3.1803998947143555
2017-04-21,3.1823999881744385
2017-04-24,3.161600112915039
2017-04-25,3.242000102996826
2017-04-26,3.244999885559082
2017-04-27,3.168600082397461
2017-04-28,3.184000015258789
2017-05-01,3.1847000122070312
2017-05-02,3.1826000213623047
2017-05-03,3.23799991607666
2017-05-04,3.18179988861084
2017-05-05,3.162600040435791
2017-05-08,3.26200008392334
2017-05-09,3.2030999660491943
2017-05-10,3.2869999408721924
2017-05-11,3.2929999828338623
2017-05-12,3.2227001190185547
2017-05-15,3.2699999809265137
2017-05-16,3.2669999599456787
2017-05-17,3.1793999671936035
2017-05-18,3.1789000034332275
2017-05-19,3.2769999504089355
2017-05-22,3.198699951171875
2017-05-23,3.192500114440918
2017-05-24,3.2218000888824463
2017-05-25,3.2023000717163086
2017-05-26,3.1986000537872314
2017-05-29,3.2730000019073486
2017-05-30,3.2093000411987305
2017-05-31,3.2780001163482666
2017-06-01,3.2032999992370605
2017-06-02,3.2032999992370605
2017-06-05,3.184499979019165
2017-06-06,3.1972999572753906
2017-06-07,3.189300060272217
2017-06-08,3.2699999809265137
2017-06-09,3.208699941635132
2017-06-12,3.1935999393463135
2017-06-13,3.2799999713897705
2017-06-14,3.2725000381469727
2017-06-15,3.2699999809265137
2017-06-16,3.2769999504089355
2017-06-19,3.2690000534057617
2017-06-20,3.219099998474121
2017-06-21,3.2007999420166016
2017-06-22,3.2709999084472656
2017-06-23,3.204699993133545
2017-06-26,3.1810998916625977
2017-06-27,3.183199882507324
2017-06-28,3.162100076675415
2017-06-29,3.1793999671936035
2017-06-30,3.171799898147583
2017-07-03,3.1745998859405518
2017-07-04,3.256200075149536
2017-07-05,3.1884000301361084
2017-07-06,3.17930006980896
2017-07-07,3.253000020980835
2017-07-10,3.1861000061035156
2017-07-12,3.1658999919891357
2017-07-13,3.250999927520752
2017-07-14,3.178100109100342
2017-07-17,3.1644999980926514
2017-07-18,3.1689999103546143
2017-07-19,3.242000102996826
2017-07-20,3.1756999492645264
2017-07-21,3.1377999782562256
2017-07-24,3.168800115585327
2017-07-25,3.241499900817871
2017-07-26,3.1777000427246094
2017-07-27,3.24399995803833
2017-07-28,3.1844000816345215
2017-07-31,3.164900064468384
2017-08-01,3.240000009536743
2017-08-02,3.171600103378296
2017-08-03,3.234999895095825
2017-08-04,3.163100004196167
2017-08-07,3.197700023651123
2017-08-08,3.1786000728607178
2017-08-09,3.1935999393463135
2017-08-10,3.1679000854492188
2017-08-11,3.1675000190734863
2017-08-14,3.164900064468384
2017-08-15,3.187299966812134
2017-08-16,3.180000066757202
2017-08-17,3.1572000980377197
2017-08-18,3.165800094604492
2017-08-21,3.1710000038146973
2017-08-22,3.1598000526428223
2017-08-23,3.169300079345703
2017-08-24,3.163300037384033
2017-08-25,3.16759991645813
2017-08-28,3.141900062561035
2017-08-29,3.1598000526428223
2017-08-30,3.23799991607666
2017-08-31,3.1875998973846436
2017-09-01,3.160099983215332
2017-09-04,3.1867001056671143
2017-09-05,3.1760001182556152
2017-09-06,3.2335000038146973
2017-09-07,3.172300100326538
2017-09-08,3.1591999530792236
2017-09-11,3.175800085067749
2017-09-12,3.1812000274658203
2017-09-13,3.1577999591827393
2017-09-14,3.192699909210205
2017-09-15,3.234999895095825
2017-09-18,3.171099901199341
2017-09-19,3.184999942779541
2017-09-20,3.244999885559082
2017-09-21,3.210599899291992
2017-09-22,3.1689999103546143
2017-09-25,3.188499927520752
2017-09-26,3.259000062942505
2017-09-27,3.1926000118255615
2017-09-28,3.202199935913086
2017-09-29,3.2030999660491943
2017-10-02,3.2184998989105225
2017-10-03,3.2002999782562256
2017-10-04,3.208699941635132
2017-10-05,3.1989998817443848
2017-10-06,3.198899984359741
2017-10-09,3.1856000423431396
2017-10-10,3.201200008392334
2017-10-11,3.263000011444092
2017-10-12,3.25600004196167
2017-10-13,3.1965999603271484
2017-10-16,3.1858999729156494
2017-10-17,3.1816999912261963
2017-10-18,3.1726999282836914
2017-10-19,3.1644999980926514
2017-10-20,3.1628000736236572
2017-10-23,3.2335000038146973
2017-10-24,3.1672000885009766
2017-10-25,3.231800079345703
2017-10-26,3.154400110244751
2017-10-27,3.2093000411987305
2017-10-30,3.176100015640259
2017-10-31,3.174299955368042
2017-11-01,3.1786000728607178
2017-11-02,3.1875998973846436
2017-11-03,3.1944000720977783
2017-11-06,3.1793999671936035
2017-11-07,3.1710000038146973
2017-11-08,3.163800001144409
2017-11-09,3.243499994277954
2017-11-10,3.177299976348877
2017-11-13,3.166800022125244
2017-11-14,3.23799991607666
2017-11-15,3.1526999473571777
2017-11-17,3.185800075531006
2017-11-20,3.178100109100342
2017-11-21,3.1839001178741455
2017-11-22,3.2360000610351562
2017-11-23,3.148099899291992
2017-11-24,3.167099952697754
2017-11-27,3.150099992752075
2017-11-28,3.180299997329712
2017-11-29,3.1786999702453613
2017-11-30,3.159600019454956
2017-12-01,3.1522998809814453
2017-12-04,3.166300058364868
2017-12-05,3.2284998893737793
2017-12-06,3.1760001182556152
2017-12-07,3.1717000007629395
2017-12-08,3.233799934387207
2017-12-11,3.1575000286102295
2017-12-12,3.1726999282836914
2017-12-13,3.177000045776367
2017-12-14,3.1428000926971436
2017-12-15,3.1814000606536865
2017-12-18,3.1886000633239746
2017-12-19,3.229099988937378
2017-12-20,3.2809998989105225
2017-12-21,3.263000011444092
2017-12-22,3.200200080871582
2017-12-25,3.1958999633789062
2017-12-26,3.1930999755859375
2017-12-27,3.196899890899658
2017-12-28,3.1702001094818115
2017-12-29,3.1744000911712646
2018-01-01,3.1677000522613525
2018-01-02,3.1649999618530273
2018-01-03,3.1719000339508057
2018-01-04,3.1654999256134033
2018-01-05,3.1503000259399414
2018-01-08,3.2090001106262207
2018-01-09,3.2139999866485596
2018-01-10,3.1461000442504883
2018-01-11,3.2214999198913574
2018-01-12,3.1298999786376953
2018-01-15,3.131500005722046
2018-01-16,3.1484999656677246
2018-01-17,3.13319993019104
2018-01-18,3.1494998931884766
2018-01-19,3.1440999507904053
2018-01-22,3.16129994392395
2018-01-23,3.2119998931884766
2018-01-24,3.2174999713897705
2018-01-25,3.2100000381469727
2018-01-26,3.2095000743865967
2018-01-29,3.2114999294281006
2018-01-30,3.2160000801086426
2018-01-31,3.2160000801086426
2018-02-01,3.2139999866485596
2018-02-02,3.2100000381469727
2018-02-05,3.2149999141693115
2018-02-06,3.2300000190734863
2018-02-07,3.246999979019165
2018-02-08,3.247999906539917
2018-02-09,3.2634999752044678
2018-02-12,3.278599977493286
2018-02-13,3.2669999599456787
2018-02-14,3.2734999656677246
2018-02-15,3.2641000747680664
2018-02-16,3.2435998916625977
2018-02-19,3.25
2018-02-20,3.2495999336242676
2018-02-21,3.247999906539917
2018-02-22,3.24399995803833
2018-02-23,3.246999979019165
2018-02-26,3.1851999759674072
2018-02-27,3.246999979019165
2018-02-28,3.25
2018-03-01,3.2683000564575195
2018-03-02,3.2618000507354736
2018-03-05,3.255000114440918
2018-03-06,3.240999937057495
2018-03-07,3.250999927520752
2018-03-08,3.252000093460083
2018-03-09,3.25600004196167
2018-03-12,3.2572999000549316
2018-03-13,3.257499933242798
2018-03-14,3.260999917984009
2018-03-15,3.25
2018-03-16,3.259999990463257
2018-03-19,3.2699999809265137
2018-03-20,3.2718000411987305
2018-03-21,3.255500078201294
2018-03-22,3.246999979019165
2018-03-23,3.2432000637054443
2018-03-26,3.1684000492095947
2018-03-27,3.2119998931884766
2018-03-28,3.2191998958587646
2018-03-29,3.2258999347686768
2018-03-30,3.2197999954223633
2018-04-02,3.162899971008301
2018-04-03,3.225100040435791
2018-04-04,3.224100112915039
2018-04-05,3.224600076675415
2018-04-06,3.2260000705718994
2018-04-09,3.23009991645813
2018-04-10,3.1594998836517334
2018-04-11,3.236599922180176
2018-04-12,3.2309999465942383
2018-04-13,3.2239999771118164
2018-04-16,3.2239999771118164
2018-04-17,3.223599910736084
2018-04-18,3.2200000286102295
2018-04-19,3.2149999141693115
2018-04-20,3.218100070953369
2018-04-23,3.1517999172210693
2018-04-24,3.2325000762939453
2018-04-25,3.2290000915527344
2018-04-26,3.234499931335449
2018-04-27,3.234999895095825
2018-04-30,3.2320001125335693
2018-05-01,3.253200054168701
2018-05-02,3.249000072479248
2018-05-03,3.2639999389648438
2018-05-04,3.2715001106262207
2018-05-07,3.2035999298095703
2018-05-08,3.2769999504089355
2018-05-09,3.288599967956543
2018-05-10,3.291599988937378
2018-05-11,3.2690999507904053
2018-05-14,3.1953999996185303
2018-05-15,3.255000114440918
2018-05-16,3.2760000228881836
2018-05-17,3.2702999114990234
2018-05-18,3.2739999294281006
2018-05-21,3.2040998935699463
2018-05-22,3.2795000076293945
2018-05-23,3.2676000595092773
2018-05-24,3.2716000080108643
2018-05-25,3.2660000324249268
2018-05-28,3.2679998874664307
2018-05-29,3.2695999145507812
2018-05-30,3.2792000770568848
2018-05-31,3.2690000534057617
2018-06-01,3.2699999809265137
2018-06-04,3.2142999172210693
2018-06-05,3.2669999599456787
2018-06-06,3.2639999389648438
2018-06-07,3.254300117492676
2018-06-08,3.2599000930786133
2018-06-11,3.183000087738037
2018-06-12,3.265000104904175
2018-06-13,3.2699999809265137
2018-06-14,3.2600998878479004
2018-06-15,3.2769999504089355
2018-06-18,3.275599956512451
2018-06-19,3.2730000019073486
2018-06-20,3.700000047683716
2018-06-21,3.2780001163482666
2018-06-22,3.2730000019073486
2018-06-25,3.2660000324249268
2018-06-26,3.2716000080108643
2018-06-27,3.2660000324249268
2018-06-28,3.2720000743865967
2018-06-29,3.2716000080108643
2018-07-02,3.2734999656677246
2018-07-03,3.2888998985290527
2018-07-04,3.2850000858306885
2018-07-05,3.2894999980926514
2018-07-06,3.2850000858306885
2018-07-09,3.205899953842163
2018-07-10,3.2750000953674316
2018-07-11,3.267199993133545
2018-07-12,3.2780001163482666
2018-07-13,3.2669999599456787
2018-07-16,3.265000104904175
2018-07-17,3.2664999961853027
2018-07-18,3.2709999084472656
2018-07-19,3.2690000534057617
2018-07-20,3.2730000019073486
2018-07-23,3.1839001178741455
2018-07-24,3.277899980545044
2018-07-25,3.2706000804901123
2018-07-26,3.270900011062622
2018-07-27,3.270699977874756
2018-07-30,3.2685000896453857
2018-07-31,3.264699935913086
2018-08-01,3.2690000534057617
2018-08-02,3.2679998874664307
2018-08-03,3.2720000743865967
2018-08-06,3.266400098800659
2018-08-07,3.2660000324249268
2018-08-08,3.2669999599456787
2018-08-09,3.2669999599456787
2018-08-10,3.265000104904175
2018-08-13,3.2785000801086426
2018-08-14,3.285399913787842
2018-08-15,3.2990000247955322
2018-08-16,3.316999912261963
2018-08-17,3.308500051498413
2018-08-20,3.321000099182129
2018-08-21,3.305000066757202
2018-08-22,3.2980000972747803
2018-08-23,3.282599925994873
2018-08-24,3.2990000247955322
2018-08-27,3.222100019454956
2018-08-28,3.286099910736084
2018-08-29,3.2915000915527344
2018-08-30,3.2934999465942383
2018-08-31,3.306999921798706
2018-09-03,3.3032000064849854
2018-09-04,3.3055999279022217
2018-09-05,3.314500093460083
2018-09-06,3.314500093460083
2018-09-07,3.3206000328063965
2018-09-10,3.316200017929077
2018-09-11,3.322999954223633
2018-09-12,3.335200071334839
2018-09-13,3.3276000022888184
2018-09-14,3.3125
2018-09-17,3.309000015258789
2018-09-18,3.3145999908447266
2018-09-19,3.3046000003814697
2018-09-20,3.2981998920440674
2018-09-21,3.2967000007629395
2018-09-24,3.226900100708008
2018-09-25,3.228300094604492
2018-09-26,3.303999900817871
2018-09-27,3.300299882888794
2018-09-28,3.301100015640259
2018-10-01,3.297600030899048
2018-10-02,3.304800033569336
2018-10-03,3.312000036239624
2018-10-04,3.309499979019165
2018-10-05,3.3259999752044678
2018-10-08,3.2486000061035156
2018-10-09,3.3185999393463135
2018-10-10,3.326200008392334
2018-10-11,3.327199935913086
2018-10-12,3.325000047683716
2018-10-15,3.3329999446868896
2018-10-16,3.3310000896453857
2018-10-17,3.329699993133545
2018-10-18,3.3320999145507812
2018-10-19,3.335599899291992
2018-10-22,3.327699899673462
2018-10-23,3.3269999027252197
2018-10-24,3.3320000171661377
2018-10-25,3.3375000953674316
2018-10-26,3.3399999141693115
2018-10-29,3.254300117492676
2018-10-30,3.34879994392395
2018-10-31,3.359999895095825
2018-11-01,3.370500087738037
2018-11-02,3.3615000247955322
2018-11-05,3.3559999465942383
2018-11-06,3.364000082015991
2018-11-07,3.3696000576019287
2018-11-08,3.3610000610351562
2018-11-09,3.368000030517578
2018-11-12,3.3705999851226807
2018-11-13,3.371500015258789
2018-11-14,3.375999927520752
2018-11-15,3.378000020980835
2018-11-16,3.378999948501587
2018-11-19,3.285599946975708
2018-11-20,3.372499942779541
2018-11-21,3.3815999031066895
2018-11-22,3.375
2018-11-23,3.3705999851226807
2018-11-26,3.307499885559082
2018-11-27,3.375999927520752
2018-11-28,3.3805999755859375
2018-11-29,3.369999885559082
2018-11-30,3.377000093460083
2018-12-03,3.325000047683716
2018-12-04,3.3745999336242676
2018-12-05,3.384999990463257
2018-12-06,3.377500057220459
2018-12-07,3.372999906539917
2018-12-10,3.365000009536743
2018-12-11,3.365000009536743
2018-12-12,3.3564999103546143
2018-12-13,3.3545000553131104
2018-12-14,3.3469998836517334
2018-12-17,3.3424999713897705
2018-12-18,3.340100049972534
2018-12-19,3.3396999835968018
2018-12-20,3.3469998836517334
2018-12-21,3.339600086212158
2018-12-24,3.3580000400543213
2018-12-25,3.3522000312805176
2018-12-26,3.351799964904785
2018-12-27,3.369999885559082
2018-12-28,3.374500036239624
2018-12-31,3.3645999431610107
2019-01-01,3.376499891281128
2019-01-02,3.3675999641418457
2019-01-03,3.369499921798706
2019-01-04,3.36299991607666
2019-01-07,3.351900100708008
2019-01-08,3.3480000495910645
2019-01-09,3.3399999141693115
2019-01-10,3.3324999809265137
2019-01-11,3.342600107192993
2019-01-14,3.3375000953674316
2019-01-15,3.3415000438690186
2019-01-16,3.3289999961853027
2019-01-17,3.3299999237060547
2019-01-18,3.321500062942505
2019-01-21,3.319000005722046
2019-01-22,3.3276000022888184
2019-01-23,3.337599992752075
2019-01-24,3.3364999294281006
2019-01-25,3.3440001010894775
2019-01-28,3.2611000537872314
2019-01-29,3.3540000915527344
2019-01-30,3.358599901199341
2019-01-31,3.3480000495910645
2019-02-01,3.3380000591278076
2019-02-04,3.322499990463257
2019-02-05,3.3269999027252197
2019-02-06,3.321000099182129
2019-02-07,3.319999933242798
2019-02-08,3.319999933242798
2019-02-11,3.254699945449829
2019-02-12,3.3310000896453857
2019-02-13,3.3299999237060547
2019-02-14,3.3380000591278076
2019-02-15,3.3355000019073486
2019-02-18,3.3369998931884766
2019-02-19,3.320499897003174
2019-02-20,3.309999942779541
2019-02-21,3.319999933242798
2019-02-22,3.31850004196167
2019-02-25,3.2428998947143555
2019-02-26,3.3025999069213867
2019-02-27,3.305000066757202
2019-02-28,3.2985000610351562
2019-03-01,3.302500009536743
2019-03-04,3.303999900817871
2019-03-05,3.3076000213623047
2019-03-06,3.309999942779541
2019-03-07,3.306999921798706
2019-03-08,3.309999942779541
2019-03-11,3.2297000885009766
2019-03-12,3.312000036239624
2019-03-13,3.299999952316284
2019-03-14,3.2929999828338623
2019-03-15,3.29259991645813
2019-03-18,3.2950000762939453
2019-03-19,3.233599901199341
2019-03-20,3.2987000942230225
2019-03-21,3.2913999557495117
2019-03-22,3.2920000553131104
2019-03-25,3.219599962234497
2019-03-26,3.297499895095825
2019-03-27,3.3041999340057373
2019-03-28,3.3150999546051025
2019-03-29,3.319000005722046
2019-04-01,3.318000078201294
2019-04-02,3.3053998947143555
2019-04-03,3.309499979019165
2019-04-04,3.2964999675750732
2019-04-05,3.297600030899048
2019-04-08,3.2969000339508057
2019-04-09,3.2899999618530273
2019-04-10,3.2899999618530273
2019-04-11,3.2923998832702637
2019-04-12,3.22979998588562
2019-04-15,3.2209999561309814
2019-04-16,3.2955000400543213
2019-04-17,3.2939999103546143
2019-04-18,3.2911999225616455
2019-04-19,3.2939000129699707
2019-04-22,3.2909998893737793
2019-04-23,3.303999900817871
2019-04-24,3.309999942779541
2019-04-25,3.313199996948242
2019-04-26,3.3322999477386475
2019-04-29,3.2558999061584473
2019-04-30,3.316499948501587
2019-05-01,3.3041999340057373
2019-05-02,3.300800085067749
2019-05-03,3.313999891281128
2019-05-06,3.3113999366760254
2019-05-07,3.311000108718872
2019-05-08,3.312000036239624
2019-05-09,3.312999963760376
2019-05-10,3.312000036239624
2019-05-13,3.3120999336242676
2019-05-14,3.3269999027252197
2019-05-15,3.3225998878479004
2019-05-16,3.319000005722046
2019-05-17,3.315500020980835
2019-05-20,3.3299999237060547
2019-05-21,3.3327999114990234
2019-05-23,3.2802999019622803
2019-05-24,3.3480000495910645
2019-05-27,3.271899938583374
2019-05-28,3.3424999713897705
2019-05-29,3.3489999771118164
2019-05-30,3.3550000190734863
2019-05-31,3.3552000522613525
2019-06-03,3.275899887084961
2019-06-04,3.3559999465942383
2019-06-05,3.350399971008301
2019-06-06,3.3482000827789307
2019-06-07,3.3399999141693115
2019-06-10,3.3341000080108643
2019-06-11,3.3310999870300293
2019-06-12,3.325500011444092
2019-06-13,3.3299999237060547
2019-06-14,3.3299999237060547
2019-06-17,3.2713000774383545
2019-06-18,3.3450000286102295
2019-06-19,3.3329999446868896
2019-06-20,3.3289999961853027
2019-06-21,3.309000015258789
2019-06-24,3.3010001182556152
2019-06-25,3.2980000972747803
2019-06-26,3.2980000972747803
2019-06-27,3.3010001182556152
2019-06-28,3.2922000885009766
2019-07-01,3.2899999618530273
2019-07-02,3.2925000190734863
2019-07-03,3.2232000827789307
2019-07-04,3.2909998893737793
2019-07-05,3.288800001144409
2019-07-08,3.2890000343322754
2019-07-09,3.288800001144409
2019-07-10,3.2929999828338623
2019-07-11,3.2839999198913574
2019-07-12,3.2829999923706055
2019-07-15,3.288800001144409
2019-07-16,3.2809998989105225
2019-07-17,3.2829999923706055
2019-07-18,3.2848000526428223
2019-07-19,3.2860000133514404
2019-07-22,3.2165000438690186
2019-07-23,3.2850000858306885
2019-07-24,3.2850000858306885
2019-07-25,3.2894999980926514
2019-07-26,3.2950000762939453
2019-07-29,3.297499895095825
2019-07-30,3.297600030899048
2019-07-31,3.2869999408721924
2019-08-01,3.302000045776367
2019-08-02,3.3118999004364014
2019-08-05,3.3545000553131104
2019-08-06,3.3550000190734863
2019-08-07,3.374000072479248
2019-08-08,3.388000011444092
2019-08-09,3.379199981689453
2019-08-12,3.378999948501587
2019-08-13,3.381500005722046
2019-08-14,3.3763999938964844
2019-08-15,3.3898000717163086
2019-08-16,3.3910000324249268
2019-08-19,3.3798999786376953
2019-08-20,3.375
2019-08-21,3.3791000843048096
2019-08-22,3.3763999938964844
2019-08-23,3.3766000270843506
2019-08-26,3.2476000785827637
2019-08-27,3.3729000091552734
2019-08-28,3.3815999031066895
2019-08-29,3.4010000228881836
2019-08-30,3.3929998874664307
2019-09-02,3.390000104904175
2019-09-03,3.3942999839782715
2019-09-04,3.402899980545044
2019-09-05,3.378000020980835
2019-09-06,3.36299991607666
2019-09-09,3.2613000869750977
2019-09-10,3.2643001079559326
2019-09-11,3.3405001163482666
2019-09-12,3.3380000591278076
2019-09-13,3.3324999809265137
2019-09-16,3.319999933242798
2019-09-17,3.3320000171661377
2019-09-18,3.3433001041412354
2019-09-19,3.3499999046325684
2019-09-20,3.3529999256134033
2019-09-23,3.3580000400543213
2019-09-24,3.361299991607666
2019-09-25,3.3413000106811523
2019-09-26,3.3489999771118164
2019-09-27,3.380000114440918
2019-09-30,3.3087000846862793
2019-10-01,3.315000057220459
2019-10-02,3.2867000102996826
2019-10-03,3.3041999340057373
2019-10-04,3.368000030517578
2019-10-07,3.3039000034332275
2019-10-08,3.382999897003174
2019-10-09,3.381999969482422
2019-10-10,3.365000009536743
2019-10-11,3.365000009536743
2019-10-14,3.2930679321289062
2019-10-15,3.288433074951172
2019-10-16,3.365000009536743
2019-10-17,3.3610000610351562
2019-10-18,3.3489999771118164
2019-10-21,3.3359999656677246
2019-10-22,3.3359999656677246
2019-10-23,3.3359999656677246
2019-10-24,3.3450000286102295
2019-10-25,3.3494999408721924
2019-10-28,3.3380000591278076
2019-10-29,3.3329999446868896
2019-10-30,3.3369998931884766
2019-10-31,3.3420000076293945
2019-11-01,3.3420000076293945
2019-11-04,3.2732439041137695
2019-11-05,3.3334999084472656
2019-11-06,3.3369998931884766
2019-11-07,3.3380000591278076
2019-11-08,3.3389999866485596
2019-11-11,3.3575000762939453
2019-11-12,3.3610000610351562
2019-11-13,3.380000114440918
2019-11-14,3.380000114440918
2019-11-15,3.3864998817443848
2019-11-18,3.3096559047698975
2019-11-19,3.371999979019165
2019-11-20,3.371000051498413
2019-11-21,3.375
2019-11-22,3.375
2019-11-25,3.377000093460083
2019-11-26,3.381999969482422
2019-11-27,3.382999897003174
2019-11-28,3.3949999809265137
2019-11-29,3.311988115310669
2019-12-02,3.31571102142334
2019-12-03,3.390000104904175
2019-12-04,3.388000011444092
2019-12-05,3.378000020980835
2019-12-06,3.378000020980835
2019-12-09,3.378000020980835
2019-12-10,3.372999906539917
2019-12-11,3.3970000743865967
2019-12-12,3.3910000324249268
2019-12-13,3.375
2019-12-16,3.364500045776367
2019-12-17,3.3499999046325684
2019-12-18,3.3399999141693115
2019-12-19,3.3389999866485596
2019-12-20,3.3324999809265137
2019-12-23,3.312999963760376
2019-12-24,3.317500114440918
2019-12-25,3.312999963760376
2019-12-26,3.2439329624176025
2019-12-27,3.319000005722046
2019-12-30,3.313999891281128
2019-12-31,3.315000057220459
2020-01-01,3.311000108718872
2020-01-02,3.261894941329956
2020-01-03,3.296999931335449
2020-01-06,3.313999891281128
2020-01-07,3.315999984741211
2020-01-08,3.319999933242798
2020-01-09,3.313999891281128
2020-01-10,3.318000078201294
2020-01-13,3.239567995071411
2020-01-14,3.3310000896453857
2020-01-15,3.320499897003174
2020-01-16,3.321000099182129
2020-01-17,3.322000026702881
2020-01-20,3.2508630752563477
2020-01-21,3.317500114440918
2020-01-22,3.315000057220459
2020-01-23,3.311000108718872
2020-01-24,3.316999912261963
2020-01-27,3.321500062942505
2020-01-28,3.3299999237060547
2020-01-29,3.3359999656677246
2020-01-30,3.3429999351501465
2020-01-31,3.365999937057495
2020-02-03,3.382999897003174
2020-02-04,3.312288999557495
2020-02-05,3.361999988555908
2020-02-06,3.359999895095825
2020-02-07,3.371999979019165
2020-02-10,3.38700008392334
2020-02-11,3.3919999599456787
2020-02-12,3.388000011444092
2020-02-13,3.378999948501587
2020-02-14,3.382999897003174
2020-02-17,3.378000020980835
2020-02-18,3.380000114440918
2020-02-19,3.381999969482422
2020-02-20,3.380000114440918
2020-02-21,3.3889999389648438
2020-02-24,3.384999990463257
2020-02-25,3.4040000438690186
2020-02-26,3.4079999923706055
2020-02-27,3.4100000858306885
2020-02-28,3.434999942779541
2020-03-02,3.4519999027252197
2020-03-03,3.434999942779541
2020-03-04,3.4210000038146973
2020-03-05,3.4189999103546143
2020-03-06,3.4600000381469727
2020-03-09,3.4700000286102295
2020-03-10,3.506999969482422
2020-03-11,3.5
2020-03-12,3.4521560668945312
2020-03-13,3.5260000228881836
2020-03-16,3.5325000286102295
2020-03-17,3.5204999446868896
2020-03-18,3.4793100357055664
2020-03-19,3.569999933242798
2020-03-20,3.552999973297119
2020-03-23,3.502000093460083
2020-03-24,3.5309998989105225
2020-03-25,3.5304999351501465
2020-03-26,3.1449999809265137
2020-03-27,3.3949999809265137
2020-03-30,3.299685001373291
2020-03-31,3.434499979019165
2020-04-01,3.4375
2020-04-02,3.4639999866485596
2020-04-03,3.440000057220459
2020-04-06,3.4560000896453857
2020-04-07,3.4579999446868896
2020-04-08,3.3610000610351562
2020-04-09,3.36899995803833
2020-04-10,3.36899995803833
2020-04-13,3.36899995803833
2020-04-14,3.384999990463257
2020-04-15,3.3929998874664307
2020-04-16,3.4070000648498535
2020-04-17,3.4089999198913574
2020-04-20,3.3282759189605713
2020-04-21,3.4010000228881836
2020-04-22,3.3857998847961426
2020-04-23,3.369999885559082
2020-04-24,3.369999885559082
2020-04-27,3.3949999809265137
2020-04-28,3.3940000534057617
2020-04-29,3.3864998817443848
2020-04-30,3.365000009536743
2020-05-01,3.371000051498413
2020-05-04,3.371000051498413
2020-05-05,3.382499933242798
2020-05-06,3.384999990463257
2020-05-07,3.4119999408721924
2020-05-08,3.4019999504089355
2020-05-11,3.3980000019073486
2020-05-12,3.4200000762939453
2020-05-13,3.437000036239624
2020-05-14,3.437000036239624
2020-05-15,3.4556000232696533
2020-05-18,3.438499927520752
2020-05-19,3.424999952316284
2020-05-20,3.4240000247955322
2020-05-21,3.4010000228881836
2020-05-22,3.4079999923706055
2020-05-25,3.427999973297119
2020-05-26,3.351257085800171
2020-05-27,3.432499885559082
2020-05-28,3.447000026702881
2020-05-29,3.436000108718872
2020-06-01,3.428999900817871
2020-06-02,3.4170000553131104
2020-06-03,3.3954999446868896
2020-06-04,3.3989999294281006
2020-06-05,3.430000066757202
2020-06-08,3.430000066757202
2020-06-09,3.434000015258789
2020-06-10,3.44350004196167
2020-06-11,3.424999952316284
2020-06-12,3.4579999446868896
2020-06-15,3.4630000591278076
2020-06-16,3.4795000553131104
2020-06-17,3.4755001068115234
2020-06-18,3.494499921798706
2020-06-19,3.5190000534057617
2020-06-22,3.5
2020-06-23,3.500999927520752
2020-06-24,3.500999927520752
2020-06-25,3.5280001163482666
2020-06-26,3.502500057220459
2020-06-29,3.5274999141693115
2020-06-30,3.5264999866485596
2020-07-01,3.5464999675750732
2020-07-02,3.5269999504089355
2020-07-03,3.5209999084472656
2020-07-06,3.5199999809265137
2020-07-07,3.5425000190734863
2020-07-08,3.5423998832702637
2020-07-09,3.5199999809265137
2020-07-10,3.5
2020-07-13,3.4313409328460693
2020-07-14,3.497499942779541
2020-07-15,3.500999927520752
2020-07-16,3.49399995803833
2020-07-17,3.496999979019165
2020-07-20,3.5160000324249268
2020-07-21,3.502500057220459
2020-07-22,3.492500066757202
2020-07-23,3.50600004196167
2020-07-24,3.5230000019073486
2020-07-27,3.5325000286102295
2020-07-28,3.515000104904175
2020-07-29,3.5139999389648438
2020-07-30,3.502000093460083
2020-07-31,3.513000011444092
2020-08-03,3.5299999713897705
2020-08-04,3.5399999618530273
2020-08-05,3.5399999618530273
2020-08-06,3.484714984893799
2020-08-07,3.5390000343322754
2020-08-10,3.48490309715271
2020-08-11,3.559999942779541
2020-08-12,3.560499906539917
2020-08-13,3.569999933242798
2020-08-14,3.568000078201294
2020-08-17,3.5024659633636475
2020-08-18,3.5759999752044678
2020-08-19,3.5026819705963135
2020-08-20,3.498879909515381
2020-08-21,3.497847080230713
2020-08-24,3.5115010738372803
2020-08-25,3.5172688961029053
2020-08-26,3.517606019973755
2020-08-27,3.5181069374084473
2020-08-28,3.503875970840454
2020-08-31,3.4971039295196533
2020-09-01,3.463529109954834
2020-09-02,3.4748380184173584
2020-09-03,3.4602138996124268
2020-09-04,3.5350000858306885
2020-09-07,3.5450000762939453
2020-09-08,3.4619240760803223
2020-09-09,3.5404999256134033
2020-09-10,3.5350000858306885
2020-09-11,3.5439999103546143
2020-09-14,3.570499897003174
2020-09-15,3.559000015258789
2020-09-16,3.546999931335449
2020-09-17,3.5264999866485596
2020-09-18,3.5329999923706055
2020-09-21,3.5239999294281006
2020-09-22,3.5480000972747803
2020-09-23,3.5485000610351562
2020-09-24,3.569000005722046
2020-09-25,3.5789999961853027
2020-09-28,3.5859999656677246
2020-09-29,3.5899999141693115
2020-09-30,3.5899999141693115
2020-10-01,3.5999999046325684
2020-10-02,3.6070001125335693
2020-10-05,3.621000051498413
2020-10-06,3.5880000591278076
2020-10-07,3.5880000591278076
2020-10-08,3.5131070613861084
2020-10-09,3.577500104904175
2020-10-12,3.575500011444092
2020-10-13,3.5127789974212646
2020-10-14,3.5924999713897705
2020-10-15,3.5880000591278076
2020-10-16,3.5764999389648438
2020-10-19,3.5824999809265137
2020-10-20,3.5885000228881836
2020-10-21,3.5899999141693115
2020-10-22,3.5959999561309814
2020-10-23,3.6034998893737793
2020-10-26,3.5959999561309814
2020-10-27,3.6040000915527344
2020-10-28,3.6059999465942383
2020-10-29,3.609999895095825
2020-10-30,3.5518178939819336
2020-11-02,3.6135001182556152
2020-11-03,3.6135001182556152
2020-11-04,3.5899999141693115
2020-11-05,3.5889999866485596
2020-11-06,3.5929999351501465
2020-11-09,3.5899999141693115
2020-11-10,3.5820000171661377
2020-11-11,3.624000072479248
2020-11-12,3.5590720176696777
2020-11-13,3.6410000324249268
2020-11-16,3.6419999599456787
2020-11-17,3.6610000133514404
2020-11-18,3.5999999046325684
2020-11-19,3.569999933242798
2020-11-20,3.575000047683716
2020-11-23,3.5899999141693115
2020-11-24,3.6029999256134033
2020-11-25,3.6080000400543213
2020-11-26,3.6029999256134033
2020-11-27,3.537230968475342
2020-11-30,3.6010000705718994
2020-12-01,3.6070001125335693
2020-12-02,3.6064999103546143
2020-12-03,3.6050000190734863
2020-12-04,3.5899999141693115
2020-12-07,3.5829999446868896
2020-12-08,3.5999999046325684
2020-12-09,3.5940001010894775
2020-12-10,3.5989999771118164
2020-12-11,3.5924999713897705
2020-12-14,3.5899999141693115
2020-12-15,3.5869998931884766
2020-12-16,3.5840001106262207
2020-12-17,3.5845000743865967
2020-12-18,3.5864999294281006
2020-12-21,3.5945000648498535
2020-12-22,3.6040000915527344
2020-12-23,3.6135001182556152
2020-12-24,3.6070001125335693
2020-12-25,3.611999988555908
2020-12-28,3.544516086578369
2020-12-29,3.616499900817871
2020-12-30,3.6070001125335693
2020-12-31,3.61899995803833
2021-01-01,3.61899995803833
2021-01-04,3.5723929405212402
2021-01-05,3.627000093460083
2021-01-06,3.627000093460083
2021-01-07,3.625999927520752
2021-01-08,3.622999906539917
2021-01-11,3.5641720294952393
2021-01-12,3.609999895095825
2021-01-13,3.6029999256134033
2021-01-14,3.61299991607666
2021-01-15,3.6085000038146973
2021-01-18,3.5570180416107178
2021-01-19,3.5482940673828125
2021-01-20,3.61299991607666
2021-01-21,3.614000082015991
2021-01-22,3.621999979019165
2021-01-25,3.632999897003174
2021-01-26,3.6440000534057617
2021-01-27,3.6424999237060547
2021-01-28,3.6510000228881836
2021-01-29,3.6419999599456787
2021-02-01,3.635999917984009
2021-02-02,3.6389999389648438
2021-02-03,3.634000062942505
2021-02-04,3.640000104904175
2021-02-05,3.6424999237060547
2021-02-08,3.637500047683716
2021-02-09,3.640500068664551
2021-02-10,3.63700008392334
2021-02-11,3.638000011444092
2021-02-12,3.6389999389648438
2021-02-15,3.6429998874664307
2021-02-16,3.58042311668396
2021-02-17,3.6519999504089355
2021-02-18,3.6524999141693115
2021-02-19,3.6500000953674316
2021-02-22,3.592020034790039
2021-02-23,3.6500000953674316
2021-02-24,3.6505000591278076
2021-02-25,3.6429998874664307
2021-02-26,3.5789310932159424
2021-03-01,3.5813848972320557
2021-03-02,3.6554999351501465
2021-03-03,3.6600000858306885
2021-03-04,3.671999931335449
2021-03-05,3.680999994277954
2021-03-08,3.689500093460083
2021-03-09,3.7009999752044678
2021-03-10,3.697000026702881
2021-03-11,3.690999984741211
2021-03-12,3.690999984741211
2021-03-15,3.615417957305908
2021-03-16,3.7019999027252197
2021-03-17,3.697999954223633
2021-03-18,3.7009999752044678
2021-03-19,3.7070000171661377
2021-03-22,3.6424129009246826
2021-03-23,3.7230000495910645
2021-03-24,3.7190001010894775
2021-03-25,3.7239999771118164
2021-03-26,3.734999895095825
2021-03-29,3.7309999465942383
2021-03-30,3.749000072479248
2021-03-31,3.7637999057769775
2021-04-01,3.742000102996826
2021-04-02,3.734999895095825
2021-04-05,3.740999937057495
2021-04-06,3.6713900566101074
2021-04-07,3.6240530014038086
2021-04-08,3.567862033843994
2021-04-09,3.5409059524536133
2021-04-12,3.625
2021-04-13,3.618000030517578
2021-04-14,3.611999988555908
2021-04-15,3.627500057220459
2021-04-16,3.624000072479248
2021-04-19,3.5632998943328857
2021-04-20,3.6710000038146973
2021-04-21,3.688999891281128
2021-04-22,3.7019999027252197
2021-04-23,3.753999948501587
2021-04-26,3.6784698963165283
2021-04-27,3.8369998931884766
2021-04-28,3.8350000381469727
2021-04-29,3.7699999809265137
2021-04-30,3.7899999618530273
2021-05-03,3.738368034362793
2021-05-04,3.815000057220459
2021-05-05,3.8320000171661377
2021-05-06,3.8239998817443848
2021-05-07,3.815999984741211
2021-05-10,3.72392201423645
2021-05-11,3.7200000286102295
2021-05-12,3.700000047683716
2021-05-13,3.6740000247955322
2021-05-14,3.6570000648498535
2021-05-17,3.677000045776367
2021-05-18,3.7130000591278076
2021-05-19,3.7300000190734863
2021-05-20,3.743000030517578
2021-05-21,3.743000030517578
2021-05-24,3.73799991607666
2021-05-25,3.809499979019165
2021-05-26,3.819999933242798
2021-05-27,3.8519999980926514
2021-05-28,3.8450000286102295
2021-05-31,3.809000015258789
2021-06-01,3.748744010925293
2021-06-02,3.8610000610351562
2021-06-03,3.822000026702881
2021-06-04,3.86899995803833
2021-06-07,3.828000068664551
2021-06-08,3.8410000801086426
2021-06-09,3.9114999771118164
2021-06-10,3.8469998836517334
2021-06-11,3.8924999237060547
2021-06-14,3.890000104904175
2021-06-15,3.9089999198913574
2021-06-16,3.8940000534057617
2021-06-17,3.8949999809265137
2021-06-18,3.9179999828338623
2021-06-21,3.9179999828338623
2021-06-22,3.950000047683716
2021-06-23,3.9779999256134033
2021-06-24,3.9749999046325684
2021-06-25,3.9839999675750732
2021-06-28,3.9198529720306396
2021-06-29,3.882999897003174
2021-06-30,3.884999990463257
2021-07-01,3.8394999504089355
2021-07-02,3.867000102996826
2021-07-05,3.7908129692077637
2021-07-06,3.8355660438537598
2021-07-07,3.950000047683716
2021-07-08,3.9600000381469727
2021-07-09,3.9539999961853027
2021-07-12,3.8855769634246826
2021-07-13,3.938999891281128
2021-07-14,3.9749999046325684
2021-07-15,3.9590001106262207
2021-07-16,3.9590001106262207
2021-07-19,3.8794960975646973
2021-07-20,3.822566032409668
2021-07-21,3.9489998817443848
2021-07-22,3.944000005722046
2021-07-23,3.944000005722046
2021-07-26,3.86286997795105
2021-07-27,3.9070000648498535
2021-07-28,3.9240000247955322
2021-07-29,3.924999952316284
2021-07-30,3.859752893447876
2021-08-02,3.8571341037750244
2021-08-03,3.997443914413452
2021-08-04,3.924999952316284
2021-08-05,4.053500175476074
2021-08-06,4.065000057220459
2021-08-09,4.020895957946777
2021-08-10,4.025094032287598
2021-08-11,4.044405937194824
2021-08-12,4.01289176940918
2021-08-13,4.026716232299805
2021-08-16,4.015641212463379
2021-08-17,4.010100841522217
2021-08-18,4.015604019165039
2021-08-19,4.021191120147705
2021-08-20,4.027768135070801
2021-08-23,4.0329999923706055
2021-08-24,4.107999801635742
2021-08-25,4.091000080108643
2021-08-26,4.079999923706055
2021-08-27,4.067999839782715
2021-08-30,4.0037760734558105
2021-08-31,4.011528968811035
2021-09-01,4.012700080871582
2021-09-02,4.022758960723877
2021-09-03,4.020754814147949
2021-09-06,4.035340785980225
2021-09-07,4.028200149536133
2021-09-08,4.038252830505371
2021-09-09,4.026261806488037
2021-09-10,4.030416965484619
2021-09-13,4.036445140838623
2021-09-14,4.105000019073486
2021-09-15,4.1020002365112305
2021-09-16,4.105000019073486
2021-09-17,4.11299991607666
2021-09-20,4.105500221252441
2021-09-21,4.117000102996826
2021-09-22,4.110000133514404
2021-09-23,4.107999801635742
2021-09-24,4.110000133514404
2021-09-27,4.105500221252441
2021-09-28,4.120999813079834
2021-09-29,4.125
2021-09-30,4.125
2021-10-01,4.136000156402588
2021-10-04,4.136000156402588
2021-10-05,4.130000114440918
2021-10-06,4.130000114440918
2021-10-07,4.054120063781738
2021-10-08,4.090000152587891
2021-10-11,4.0211591720581055
2021-10-12,4.019195079803467
2021-10-13,4.03000020980835
2021-10-14,3.984999895095825
2021-10-15,3.9170000553131104
2021-10-18,3.930999994277954
2021-10-19,3.947000026702881
2021-10-20,3.943000078201294
2021-10-21,3.940999984741211
2021-10-22,3.950000047683716
2021-10-25,3.8828370571136475
2021-10-26,3.970900058746338
2021-10-27,3.990000009536743
2021-10-28,3.9749999046325684
2021-10-29,3.9749999046325684
2021-11-01,3.9749999046325684
2021-11-02,3.991499900817871
2021-11-03,4.006999969482422
2021-11-04,4.011000156402588
2021-11-05,4.010000228881836
2021-11-08,4.014999866485596
2021-11-09,4.012499809265137
2021-11-10,4.013999938964844
2021-11-11,4.013999938964844
2021-11-12,3.9579548835754395
2021-11-15,4.014999866485596
2021-11-16,3.990999937057495
2021-11-17,3.994999885559082
2021-11-18,4.005000114440918
2021-11-19,4.01800012588501
2021-11-22,3.951843023300171
2021-11-23,4.006999969482422
2021-11-24,4.00600004196167
2021-11-25,4.019999980926514
2021-11-26,3.950989007949829
2021-11-29,4.011000156402588
2021-11-30,4.059000015258789
2021-12-01,4.059999942779541
2021-12-02,4.070000171661377
2021-12-03,4.072000026702881
2021-12-06,4.003623962402344
2021-12-07,4.083000183105469
2021-12-08,4.077499866485596
2021-12-09,4.075500011444092
2021-12-10,4.012837886810303
2021-12-13,3.992223024368286
2021-12-14,4.053999900817871
2021-12-15,4.051499843597412
2021-12-16,4.05049991607666
2021-12-17,4.031000137329102
2021-12-20,4.000089168548584
2021-12-21,4.047999858856201
2021-12-22,4.054999828338623
2021-12-23,4.031000137329102
2021-12-24,4.006999969482422
2021-12-27,4.000999927520752
2021-12-28,3.9700000286102295
2021-12-29,3.9700000286102295
2021-12-30,3.9679999351501465
2021-12-31,3.986999988555908
2022-01-03,3.986999988555908
2022-01-04,3.9625000953674316
2022-01-05,3.9549999237060547
2022-01-06,3.9590001106262207
2022-01-07,3.9649999141693115
2022-01-10,3.8800370693206787
2022-01-11,3.930000066757202
2022-01-12,3.9059998989105225
2022-01-13,3.8940000534057617
2022-01-14,3.88700008392334
2022-01-17,3.865999937057495
2022-01-18,3.79819393157959
2022-01-19,3.884999990463257
2022-01-20,3.859999895095825
2022-01-21,3.8324999809265137
2022-01-24,3.8299999237060547
2022-01-25,3.8459999561309814
2022-01-26,3.8450000286102295
2022-01-27,3.8359999656677246
2022-01-28,3.8364999294281006
2022-01-31,3.764059066772461
2022-02-01,3.8369998931884766
2022-02-02,3.88100004196167
2022-02-03,3.8454999923706055
2022-02-04,3.8550000190734863
2022-02-07,3.8429999351501465
2022-02-08,3.8399999141693115
2022-02-09,3.7780001163482666
2022-02-10,3.809000015258789
2022-02-11,3.809000015258789
2022-02-14,3.683840036392212
2022-02-15,3.7829999923706055
2022-02-16,3.796999931335449
2022-02-17,3.747499942779541
2022-02-18,3.7249999046325684
2022-02-21,3.747499942779541
2022-02-22,3.6642239093780518
2022-02-23,3.7160000801086426
2022-02-24,3.7300000190734863
2022-02-25,3.7925000190734863
2022-02-28,3.6965739727020264
2022-03-01,3.7880001068115234
2022-03-02,3.7138450145721436
2022-03-03,3.747499942779541
2022-03-04,3.6843979358673096
2022-03-07,3.67514705657959
2022-03-08,3.7230000495910645
2022-03-09,3.737499952316284
2022-03-10,3.7274999618530273
2022-03-11,3.7100000381469727
2022-03-14,3.700000047683716
2022-03-15,3.7119998931884766
2022-03-16,3.734999895095825
2022-03-17,3.7200000286102295
2022-03-18,3.7300000190734863
2022-03-21,3.7780001163482666
2022-03-22,3.7829999923706055
2022-03-23,3.7730000019073486
2022-03-24,3.765000104904175
2022-03-25,3.734999895095825
2022-03-28,3.6761040687561035
2022-03-29,3.7290000915527344
2022-03-30,3.7230000495910645
2022-03-31,3.7074999809265137
2022-04-01,3.7219998836517334
2022-04-04,3.6123180389404297
2022-04-05,3.628000020980835
2022-04-06,3.697999954223633
2022-04-07,3.7170000076293945
2022-04-08,3.7170000076293945
2022-04-11,3.7119998931884766
2022-04-12,3.7125000953674316
2022-04-13,3.7019999027252197
2022-04-14,3.7325000762939453
2022-04-15,3.7300000190734863
2022-04-18,3.7279999256134033
2022-04-19,3.7309999465942383
2022-04-20,3.7074999809265137
2022-04-21,3.7060000896453857
2022-04-22,3.660806894302368
2022-04-25,3.673969030380249
2022-04-26,3.765000104904175
2022-04-27,3.765000104904175
2022-04-28,3.825000047683716
2022-04-29,3.825000047683716
2022-05-02,3.8350000381469727
2022-05-03,3.8324999809265137
2022-05-04,3.8285000324249268
2022-05-05,3.8285000324249268
2022-05-06,3.7690000534057617
2022-05-09,3.7850000858306885
2022-05-10,3.809999942779541
2022-05-11,3.7899999618530273
2022-05-12,3.7850000858306885
2022-05-13,3.759999990463257
2022-05-16,3.7750000953674316
2022-05-17,3.7674999237060547
2022-05-18,3.757499933242798
2022-05-19,3.7725000381469727
2022-05-20,3.734999895095825
2022-05-23,3.7200000286102295
2022-05-24,3.7290000915527344
2022-05-25,3.7174999713897705
2022-05-26,3.6700000762939453
2022-05-27,3.6559998989105225
2022-05-30,3.6579999923706055
2022-05-31,3.5972819328308105
2022-06-01,3.7074999809265137
2022-06-02,3.7249999046325684
2022-06-03,3.702500104904175
2022-06-06,3.638814926147461
2022-06-07,3.7300000190734863
2022-06-08,3.752000093460083
2022-06-09,3.6770169734954834
2022-06-10,3.75
2022-06-13,3.7083098888397217
2022-06-14,3.752500057220459
2022-06-15,3.7018051147460938
2022-06-16,3.6813700199127197
2022-06-17,3.6435658931732178
2022-06-20,3.6426329612731934
2022-06-21,3.6480300426483154
2022-06-22,3.7219998836517334
2022-06-23,3.7300000190734863
2022-06-24,3.742500066757202
2022-06-27,3.7780001163482666
2022-06-28,3.7725000381469727
2022-06-29,3.7013189792633057
2022-06-30,3.7121899127960205
2022-07-01,3.708827018737793
2022-07-04,3.7508490085601807
2022-07-05,3.7689530849456787
2022-07-06,3.7508490085601807
2022-07-07,3.7829010486602783
2022-07-08,3.816589117050171
2022-07-11,3.793813943862915
2022-07-12,3.839548110961914
2022-07-13,3.8790431022644043
2022-07-14,3.888806104660034
2022-07-15,3.8764851093292236
2022-07-18,3.8197519779205322
2022-07-19,3.8255250453948975
2022-07-20,3.827716112136841
2022-07-21,3.7930479049682617
2022-07-22,3.811108112335205
2022-07-25,3.822417974472046
2022-07-26,3.8374791145324707
2022-07-27,3.8370020389556885
2022-07-28,3.9200000762939453
2022-07-29,3.9200000762939453
2022-08-01,3.930999994277954
2022-08-02,3.880000114440918
2022-08-03,3.9159998893737793
2022-08-04,3.9110000133514404
2022-08-05,3.884999990463257
2022-08-08,3.8348309993743896
2022-08-09,3.9100000858306885
2022-08-10,3.930999994277954
2022-08-11,3.881999969482422
2022-08-12,3.881999969482422
2022-08-15,3.865000009536743
2022-08-16,3.8529999256134033
2022-08-17,3.865000009536743
2022-08-18,3.7643229961395264
2022-08-19,3.8345000743865967
2022-08-22,3.771454095840454
2022-08-23,3.865000009536743
2022-08-24,3.8580000400543213
2022-08-25,3.864000082015991
2022-08-26,3.8540000915527344
2022-08-29,3.790678024291992
2022-08-30,3.827500104904175
2022-08-31,3.812000036239624
2022-09-01,3.828000068664551
2022-09-02,3.8529999256134033
2022-09-05,3.875
2022-09-06,3.875
2022-09-07,3.888000011444092
2022-09-08,3.890000104904175
2022-09-09,3.890000104904175
2022-09-12,3.7753260135650635
2022-09-13,3.8499999046325684
2022-09-14,3.8499999046325684
2022-09-15,3.8399999141693115
2022-09-16,3.887500047683716
2022-09-19,3.7574760913848877
2022-09-20,3.8589999675750732
2022-09-21,3.878000020980835
2022-09-22,3.7750000953674316
2022-09-23,3.9089999198913574
2022-09-26,3.8287839889526367
2022-09-27,3.9100000858306885
2022-09-28,3.946000099182129
2022-09-29,3.9600000381469727
2022-09-30,3.9700000286102295
2022-10-03,3.9790000915527344
2022-10-04,3.9790000915527344
2022-10-05,3.8814148902893066
2022-10-06,3.888456106185913
2022-10-07,3.9649999141693115
2022-10-10,3.917340040206909
2022-10-11,3.952500104904175
2022-10-12,3.9670000076293945
2022-10-13,3.9769999980926514
2022-10-14,3.9560000896453857
2022-10-17,3.9560000896453857
2022-10-18,3.9749999046325684
2022-10-19,3.9749999046325684
2022-10-20,3.9779999256134033
2022-10-21,3.924099922180176
2022-10-24,3.86061692237854
2022-10-25,3.994499921798706
2022-10-26,3.984999895095825
2022-10-27,3.9749999046325684
2022-10-28,3.987499952316284
2022-10-31,3.987499952316284
2022-11-01,3.9670000076293945
2022-11-02,3.984999895095825
2022-11-03,3.950000047683716
2022-11-04,3.9649999141693115
2022-11-07,3.845370054244995
2022-11-08,3.941999912261963
2022-11-09,3.9000000953674316
2022-11-10,3.8924999237060547
2022-11-11,3.8924999237060547
2022-11-14,3.7489519119262695
2022-11-15,3.8469998836517334
2022-11-16,3.819999933242798
2022-11-17,3.8289999961853027
2022-11-18,3.805000066757202
2022-11-21,3.805000066757202
2022-11-22,3.8299999237060547
2022-11-23,3.8359999656677246
2022-11-24,3.8475000858306885
2022-11-25,3.7847321033477783
2022-11-28,3.869999885559082
2022-11-29,3.8380000591278076
2022-11-30,3.8399999141693115
2022-12-01,3.8299999237060547
2022-12-02,3.816999912261963
2022-12-05,3.746428966522217
2022-12-06,3.825000047683716
2022-12-07,3.817500114440918
2022-12-08,3.7473790645599365
2022-12-09,3.8459999561309814
2022-12-12,3.7905468940734863
2022-12-13,3.7684268951416016
2022-12-14,3.8125
2022-12-15,3.816499948501587
2022-12-16,3.8269999027252197
2022-12-19,3.7697060108184814
2022-12-20,3.8269999027252197
2022-12-21,3.809999942779541
2022-12-22,3.7950000762939453
2022-12-23,3.799999952316284
2022-12-26,3.799999952316284
2022-12-27,3.817500114440918
2022-12-28,3.808000087738037
2022-12-29,3.808000087738037
2022-12-30,3.7850000858306885
2023-01-02,3.8010001182556152
2023-01-03,3.7294719219207764
2023-01-04,3.8125
2023-01-05,3.8125
2023-01-06,3.799999952316284
2023-01-09,3.7869999408721924
2023-01-10,3.7899999618530273
2023-01-11,3.7869999408721924
2023-01-12,3.7679998874664307
2023-01-13,3.7699999809265137
2023-01-16,3.693321943283081
2023-01-17,3.7387659549713135
2023-01-18,3.825000047683716
2023-01-19,3.827500104904175
2023-01-20,3.8499999046325684
2023-01-23,3.7875709533691406
2023-01-24,3.869999885559082
2023-01-25,3.8012540340423584
2023-01-26,3.869999885559082
2023-01-27,3.825000047683716
2023-01-30,3.7625420093536377
2023-01-31,3.8380000591278076
2023-02-01,3.8350000381469727
2023-02-02,3.8450000286102295
2023-02-03,3.816999912261963
2023-02-06,3.7847349643707275
2023-02-07,3.8385000228881836
2023-02-08,3.8269999027252197
2023-02-09,3.8550000190734863
2023-02-10,3.8550000190734863
2023-02-13,3.782573938369751
2023-02-14,3.762202024459839
2023-02-15,3.8399999141693115
2023-02-16,3.8489999771118164
2023-02-17,3.779294967651367
2023-02-20,3.753619909286499
2023-02-21,3.7709410190582275
2023-02-22,3.7689220905303955
2023-02-23,3.7591230869293213
2023-02-24,3.7306830883026123
2023-02-27,3.726512908935547
2023-02-28,3.799999952316284
2023-03-01,3.7899999618530273
2023-03-02,3.7195661067962646
2023-03-03,3.7799999713897705
2023-03-06,3.7825000286102295
2023-03-07,3.7679998874664307
2023-03-08,3.7799999713897705
2023-03-09,3.7860000133514404
2023-03-10,3.7774999141693115
2023-03-13,3.691114902496338
2023-03-14,3.799999952316284
2023-03-15,3.7839999198913574
2023-03-16,3.8010001182556152
2023-03-17,3.8010001182556152
2023-03-20,3.662353038787842
2023-03-21,3.7154440879821777
2023-03-22,3.7036828994750977
2023-03-23,3.7084240913391113
2023-03-24,3.6947920322418213
2023-03-27,3.6991920471191406
2023-03-28,3.765000104904175
2023-03-29,3.6928610801696777
2023-03-30,3.752000093460083
2023-03-31,3.752500057220459
2023-04-03,3.760499954223633
2023-04-04,3.757999897003174
2023-04-05,3.7695000171661377
2023-04-06,3.7669999599456787
2023-04-07,3.694554090499878
2023-04-10,3.665287971496582
2023-04-11,3.747499942779541
2023-04-12,3.7829999923706055
2023-04-13,3.7709999084472656
2023-04-14,3.7704999446868896
2023-04-17,3.689945936203003
2023-04-18,3.7780001163482666
2023-04-19,3.7750000953674316
2023-04-20,3.7058589458465576
2023-04-21,3.759999990463257
2023-04-24,3.759999990463257
2023-04-25,3.678929090499878
2023-04-26,3.750999927520752
2023-04-27,3.7274999618530273
2023-04-28,3.7200000286102295
2023-05-01,3.6032519340515137
2023-05-02,3.7039999961853027
2023-05-03,3.7049999237060547
2023-05-04,3.7049999237060547
2023-05-05,3.7009999752044678
2023-05-08,3.692500114440918
2023-05-09,3.696000099182129
2023-05-10,3.691999912261963
2023-05-11,3.691999912261963
2023-05-12,3.6419999599456787
2023-05-15,3.575026035308838
2023-05-16,3.6510000228881836
2023-05-17,3.680999994277954
2023-05-18,3.694999933242798
2023-05-19,3.700000047683716
2023-05-22,3.6152820587158203
2023-05-23,3.688999891281128
2023-05-24,3.6700000762939453
2023-05-25,3.674999952316284
2023-05-26,3.691999912261963
2023-05-29,3.6199018955230713
2023-05-30,3.5994739532470703
2023-05-31,3.6700000762939453
2023-06-01,3.6670000553131104
2023-06-02,3.5973548889160156
2023-06-05,3.6242949962615967
2023-06-06,3.6760001182556152
2023-06-07,3.672499895095825
2023-06-08,3.672499895095825
2023-06-09,3.6559998989105225
2023-06-12,3.5788400173187256
2023-06-13,3.634000062942505
2023-06-14,3.634000062942505
2023-06-15,3.6440000534057617
2023-06-16,3.635999917984009
2023-06-19,3.5616250038146973
2023-06-20,3.622999906539917
2023-06-21,3.630000114440918
2023-06-22,3.625999927520752
2023-06-23,3.6135001182556152
2023-06-26,3.5338120460510254
2023-06-27,3.6419999599456787
2023-06-28,3.6419999599456787
2023-06-29,3.624000072479248
2023-06-30,3.61899995803833
2023-07-03,3.5369620323181152
2023-07-04,3.619999885559082
2023-07-05,3.552777051925659
2023-07-06,3.630000114440918
2023-07-07,3.630000114440918
2023-07-10,3.535778045654297
2023-07-11,3.634999990463257
2023-07-12,3.624000072479248
2023-07-13,3.572999954223633
2023-07-14,3.566999912261963
2023-07-17,3.4958438873291016
2023-07-18,3.566999912261963
2023-07-19,3.559999942779541
2023-07-20,3.559999942779541
2023-07-21,3.5135440826416016
2023-07-24,3.5121490955352783
2023-07-25,3.5899999141693115
2023-07-26,3.5899999141693115
2023-07-27,3.5950000286102295
2023-07-28,3.5950000286102295
2023-07-31,3.5126171112060547
2023-08-01,3.5999999046325684
2023-08-02,3.634999990463257
2023-08-03,3.579197883605957
2023-08-04,3.6429998874664307
2023-08-07,3.593735933303833
2023-08-08,3.6117639541625977
2023-08-09,3.621669054031372
2023-08-10,3.631119966506958
2023-08-11,3.6244189739227295
2023-08-14,3.6084070205688477
2023-08-15,3.6989998817443848
2023-08-16,3.697999954223633
2023-08-17,3.7079999446868896
2023-08-18,3.7279999256134033
2023-08-21,3.6365060806274414
2023-08-22,3.7170000076293945
2023-08-23,3.7200000286102295
2023-08-24,3.7200000286102295
2023-08-25,3.694999933242798
2023-08-28,3.6215438842773438
2023-08-29,3.622446060180664
2023-08-30,3.6229159832000732
2023-08-31,3.617511034011841
2023-09-01,3.624330997467041
2023-09-04,3.6358420848846436
2023-09-05,3.6303770542144775
2023-09-06,3.6261649131774902
2023-09-07,3.7009999752044678
2023-09-08,3.7009999752044678
2023-09-11,3.6336400508880615
2023-09-12,3.697499990463257
2023-09-13,3.694999933242798
2023-09-14,3.694999933242798
2023-09-15,3.7125000953674316
2023-09-18,3.63582706451416
2023-09-19,3.7060000896453857
2023-09-20,3.697999954223633
2023-09-21,3.7049999237060547
2023-09-22,3.740000009536743
2023-09-25,3.6525979042053223
2023-09-26,3.7669999599456787
2023-09-27,3.7730000019073486
2023-09-28,3.7899999618530273
2023-09-29,3.7850000858306885
2023-10-02,3.722382068634033
2023-10-03,3.7950000762939453
2023-10-04,3.7899999618530273
2023-10-05,3.799999952316284
2023-10-06,3.719367027282715
2023-10-09,3.731290102005005
2023-10-10,3.751008987426758
2023-10-11,3.816999912261963
2023-10-12,3.815000057220459
2023-10-13,3.8410000801086426
2023-10-16,3.7667760848999023
2023-10-17,3.859999895095825
2023-10-18,3.8399999141693115
2023-10-19,3.770504951477051
2023-10-20,3.869999885559082
2023-10-23,3.78867506980896
2023-10-24,3.869999885559082
2023-10-25,3.859999895095825
2023-10-26,3.8580000400543213
2023-10-27,3.8580000400543213
2023-10-30,3.786379098892212
2023-10-31,3.818000078201294
2023-11-01,3.818000078201294
2023-11-02,3.818000078201294
2023-11-03,3.738564968109131
2023-11-06,3.6669769287109375
2023-11-07,3.759000062942505
2023-11-08,3.759000062942505
2023-11-09,3.7880001068115234
2023-11-10,3.7880001068115234
2023-11-13,3.7131259441375732
2023-11-14,3.813499927520752
2023-11-15,3.7669999599456787
2023-11-16,3.7664999961853027
2023-11-17,3.7664999961853027
2023-11-20,3.7754480838775635
2023-11-21,3.7385001182556152
2023-11-22,3.7385001182556152
2023-11-23,3.6603751182556152
2023-11-24,3.6673340797424316
2023-11-27,3.654719114303589
2023-11-28,3.7200000286102295
2023-11-29,3.7130000591278076
2023-11-30,3.7130000591278076
2023-12-01,3.6566851139068604
2023-12-04,3.670121908187866
2023-12-05,3.6637449264526367
2023-12-06,3.6780130863189697
2023-12-07,3.755500078201294
2023-12-08,3.753999948501587
2023-12-11,3.6896350383758545
2023-12-12,3.7725000381469727
2023-12-13,3.7030038833618164
2023-12-14,3.7899999618530273
2023-12-15,3.763000011444092
2023-12-18,3.713460922241211
2023-12-19,3.6877739429473877
2023-12-20,3.74399995803833
2023-12-21,3.7039999961853027
2023-12-22,3.7049999237060547
2023-12-25,3.624485969543457
2023-12-26,3.624485969543457
2023-12-27,3.687000036239624
2023-12-28,3.687000036239624
2023-12-29,3.7009999752044678
2024-01-01,3.627424955368042
2024-01-02,3.630708932876587
2024-01-03,3.7100000381469727
2024-01-04,3.7100000381469727
2024-01-05,3.740000009536743
2024-01-08,3.6215620040893555
2024-01-09,3.7130000591278076
2024-01-10,3.622879981994629
2024-01-11,3.7049999237060547
2024-01-12,3.6279659271240234
2024-01-15,3.6250970363616943
2024-01-16,3.6243910789489746
2024-01-17,3.6289420127868652
2024-01-18,3.7160000801086426
2024-01-19,3.7160000801086426
2024-01-22,3.6652660369873047
2024-01-23,3.7397000789642334
2024-01-24,3.753000020980835
2024-01-25,3.753000020980835
2024-01-26,3.756999969482422
2024-01-29,3.6969950199127197
2024-01-30,3.7860000133514404
2024-01-31,3.811500072479248
2024-02-01,3.8010001182556152
2024-02-02,3.802999973297119
2024-02-05,3.768990993499756
2024-02-06,3.7609550952911377
2024-02-07,3.8580000400543213
2024-02-08,3.856300115585327
2024-02-09,3.8499999046325684
2024-02-12,3.7757270336151123
2024-02-13,3.867000102996826
2024-02-14,3.864500045776367
2024-02-15,3.884000062942505
2024-02-16,3.871999979019165
2024-02-19,3.7744369506835938
2024-02-20,3.7443580627441406
2024-02-21,3.7953999042510986
2024-02-22,3.7960000038146973
2024-02-23,3.808000087738037
2024-02-26,3.7130990028381348
2024-02-27,3.7960000038146973
2024-02-28,3.7980000972747803
2024-02-29,3.7072579860687256
2024-03-01,3.794600009918213
2024-03-04,3.695056915283203
2024-03-05,3.7690000534057617
2024-03-06,3.7045910358428955
2024-03-07,3.7685000896453857
2024-03-08,3.6472558975219727
2024-03-11,3.6340959072113037
2024-03-12,3.684499979019165
2024-03-13,3.686000108718872
2024-03-14,3.6579999923706055
2024-03-15,3.6640000343322754
2024-03-18,3.6148200035095215
2024-03-19,3.694999933242798
2024-03-20,3.696000099182129
2024-03-21,3.703000068664551
2024-03-22,3.622040033340454
2024-03-25,3.599337100982666
2024-03-26,3.690999984741211
2024-03-27,3.703000068664551
2024-03-28,3.7174999713897705
2024-03-29,3.7170000076293945
2024-04-01,3.6399569511413574
2024-04-02,3.7174999713897705
2024-04-03,3.7079999446868896
2024-04-04,3.7065000534057617
2024-04-05,3.686800003051758
2024-04-08,3.6127309799194336
2024-04-09,3.5973100662231445
2024-04-10,3.6760001182556152
2024-04-11,3.6760001182556152
2024-04-12,3.6441080570220947
2024-04-15,3.6087141036987305
2024-04-16,3.7019999027252197
2024-04-17,3.756999969482422
2024-04-18,3.6844749450683594
2024-04-19,3.743000030517578
2024-04-22,3.648000955581665
2024-04-23,3.692500114440918
2024-04-24,3.692500114440918
2024-04-25,3.699700117111206
2024-04-26,3.7255001068115234
2024-04-29,3.691164970397949
2024-04-30,3.752000093460083
2024-05-01,3.752000093460083
2024-05-02,3.753499984741211
2024-05-03,3.753499984741211
2024-05-06,3.6521248817443848
2024-05-07,3.724600076675415
2024-05-08,3.7244999408721924
2024-05-09,3.7200000286102295
2024-05-10,3.7200000286102295
2024-05-13,3.619438886642456
2024-05-14,3.7074999809265137
2024-05-15,3.7160000801086426
2024-05-16,3.7239999771118164
2024-05-17,3.7155001163482666
2024-05-20,3.641503095626831
2024-05-21,3.6680569648742676
2024-05-22,3.7300000190734863
2024-05-23,3.7309999465942383
2024-05-24,3.740000009536743
2024-05-27,3.660386085510254
2024-05-28,3.6698830127716064
2024-05-29,3.682063102722168
2024-05-30,3.746000051498413
2024-05-31,3.746999979019165
2024-06-03,3.6746950149536133
2024-06-04,3.736999988555908
2024-06-05,3.7290000915527344
2024-06-06,3.7290000915527344
2024-06-07,3.664022922515869
2024-06-10,3.7097299098968506
2024-06-11,3.674793004989624
2024-06-12,3.7839999198913574
2024-06-13,3.7679998874664307
2024-06-14,3.7755000591278076
2024-06-17,3.701545000076294
2024-06-18,3.7899999618530273
2024-06-19,3.7904999256134033
2024-06-20,3.7904999256134033
2024-06-21,3.8101999759674072
2024-06-24,3.7228009700775146
2024-06-25,3.799999952316284
2024-06-26,3.799999952316284
2024-06-27,3.799999952316284
2024-06-28,3.7484641075134277
2024-07-01,3.756424903869629
2024-07-02,3.8469998836517334
2024-07-03,3.8469998836517334
2024-07-04,3.7964999675750732
2024-07-05,3.730829954147339
2024-07-08,3.723069906234741
2024-07-09,3.72133207321167
2024-07-10,3.7194159030914307
2024-07-11,3.7827999591827393
2024-07-12,3.765000104904175
2024-07-15,3.6764180660247803
2024-07-16,3.7309999465942383
2024-07-17,3.648292064666748
2024-07-18,3.6402459144592285
2024-07-19,3.652872085571289
2024-07-22,3.670536994934082
2024-07-23,3.74399995803833
2024-07-24,3.753999948501587
2024-07-25,3.754699945449829
2024-07-26,3.668617010116577
2024-07-29,3.68559193611145
2024-07-30,3.6630420684814453
2024-07-31,3.7320001125335693
2024-08-01,3.7320001125335693
2024-08-02,3.739000082015991
2024-08-05,3.6356730461120605
2024-08-06,3.7360000610351562
2024-08-07,3.7160000801086426
2024-08-08,3.649991989135742
2024-08-09,3.7219998836517334
2024-08-12,3.650881052017212
2024-08-13,3.742500066757202
2024-08-14,3.744499921798706
2024-08-15,3.7225000858306885
2024-08-16,3.678468942642212
2024-08-19,3.657741069793701
2024-08-20,3.7300000190734863
2024-08-21,3.744999885559082
2024-08-22,3.74399995803833
2024-08-23,3.740000009536743
2024-08-26,3.6446449756622314
2024-08-27,3.754499912261963
2024-08-28,3.740000009536743
2024-08-29,3.6686899662017822
2024-08-30,3.746999979019165
2024-09-02,3.683734893798828
2024-09-03,3.6757190227508545
2024-09-04,3.746999979019165
2024-09-05,3.7820000648498535
2024-09-06,3.711319923400879
2024-09-09,3.7253589630126953
2024-09-10,3.730349063873291
2024-09-11,3.812999963760376
2024-09-12,3.81850004196167
2024-09-13,3.7825000286102295
2024-09-16,3.7040181159973145
2024-09-17,3.7730000019073486
2024-09-18,3.716438055038452
2024-09-19,3.772599935531616
2024-09-20,3.74399995803833
2024-09-23,3.6707379817962646
2024-09-24,3.74399995803833
2024-09-25,3.7679998874664307
2024-09-26,3.76419997215271
2024-09-27,3.679858922958374
2024-09-30,3.7279999256134033
2024-10-01,3.7160000801086426
2024-10-02,3.7049999237060547
2024-10-03,3.7149999141693115
2024-10-04,3.655635118484497
2024-10-07,3.6676530838012695
2024-10-08,3.7316999435424805
2024-10-09,3.740000009536743
2024-10-10,3.739000082015991
2024-10-11,3.75600004196167
2024-10-14,3.647289991378784
2024-10-15,3.652647018432617
2024-10-16,3.7585999965667725
2024-10-17,3.7690000534057617
2024-10-18,3.765000104904175
2024-10-21,3.6842730045318604
2024-10-22,3.75600004196167
2024-10-23,3.7639999389648438
2024-10-24,3.7639999389648438
2024-10-25,3.751499891281128
2024-10-28,3.6888740062713623
2024-10-29,3.756999969482422
2024-10-30,3.7709999084472656
2024-10-31,3.7709999084472656
2024-11-01,3.7709999084472656
2024-11-04,3.6962730884552
2024-11-05,3.765000104904175
2024-11-06,3.7730000019073486
2024-11-07,3.7839999198913574
2024-11-08,3.75
2024-11-11,3.6973938941955566
2024-11-12,3.6910579204559326
2024-11-13,3.7860000133514404
2024-11-14,3.8017001152038574
2024-11-15,3.803999900817871
2024-11-18,3.7318289279937744
2024-11-19,3.7939999103546143
2024-11-20,3.7939999103546143
2024-11-21,3.7980000972747803
2024-11-22,3.7939999103546143
2024-11-25,3.7141900062561035
2024-11-26,3.7950000762939453
2024-11-27,3.7750000953674316
2024-11-28,3.7690000534057617
2024-11-29,3.6761419773101807
2024-12-02,3.662839889526367
2024-12-03,3.742500066757202
2024-12-04,3.756999969482422
2024-12-05,3.73799991607666
2024-12-06,3.7290000915527344
2024-12-09,3.6527819633483887
2024-12-10,3.64615797996521
2024-12-11,3.7225000858306885
2024-12-12,3.7109999656677246
2024-12-13,3.6526830196380615
2024-12-16,3.6551990509033203
2024-12-17,3.6499950885772705
2024-12-18,3.6606431007385254
2024-12-19,3.660362958908081
2024-12-20,3.65617299079895
2024-12-23,3.632145881652832
2024-12-24,3.6575260162353516
2024-12-25,3.6444919109344482
2024-12-26,3.6444919109344482
2024-12-27,3.6409740447998047
2024-12-30,3.6697840690612793
